asset_id,type,section,name_ru,name_latin,local_path,source_url,source_page,author,license,license_url,attribution_required,status,risk,decision,permission_candidate,notes
species-image:Балобан,species_image,species catalog,Балобан,Falco cherrug,backend/media/species/falco-cherrug.jpg,https://upload.wikimedia.org/wikipedia/commons/thumb/d/d4/Falco_cherrug_1_%28Bohu%C5%A1_%C4%8C%C3%AD%C4%8Del%29.jpg/960px-Falco_cherrug_1_%28Bohu%C5%A1_%C4%8C%C3%AD%C4%8Del%29.jpg,https://commons.wikimedia.org/wiki/File:Falco_cherrug_1_(Bohu%C5%A1_%C4%8C%C3%AD%C4%8Del).jpg,Bohuš Číčel (https://www.flickr.com/photos/bcicel/),CC BY-SA 3.0,http://creativecommons.org/licenses/by-sa/3.0/,yes,verified,low,use,no,Wikidata P18; Wikimedia Commons file File:Falco cherrug 1 (Bohuš Číčel).jpg; exact taxon match; normalized to local JPEG without EXIF.
species-image:Белоспинный дятел,species_image,species catalog,Белоспинный дятел,Dendrocopos leucotos,backend/media/species/dendrocopos-leucotos.jpg,https://upload.wikimedia.org/wikipedia/commons/thumb/e/eb/Dendrocopos_leucotos.jpg/960px-Dendrocopos_leucotos.jpg,https://commons.wikimedia.org/wiki/File:Dendrocopos_leucotos.jpg,Ubailves,CC BY 3.0,https://creativecommons.org/licenses/by/3.0,yes,verified,low,use,no,Wikidata P18; Wikimedia Commons file File:Dendrocopos leucotos.jpg; exact taxon match; normalized to local JPEG without EXIF.
species-image:Беркут,species_image,species catalog,Беркут,Aquila chrysaetos,backend/media/species/aquila-chrysaetos.jpg,https://upload.wikimedia.org/wikipedia/commons/thumb/c/c2/Maakotka_%28Aquila_chrysaetos%29_by_Jarkko_J%C3%A4rvinen.jpg/960px-Maakotka_%28Aquila_chrysaetos%29_by_Jarkko_J%C3%A4rvinen.jpg,https://commons.wikimedia.org/wiki/File:Maakotka_(Aquila_chrysaetos)_by_Jarkko_J%C3%A4rvinen.jpg,Jarkko Järvinen,CC BY-SA 2.0,https://creativecommons.org/licenses/by-sa/2.0,yes,verified,low,use,no,Wikidata P18; Wikimedia Commons file File:Maakotka (Aquila chrysaetos) by Jarkko Järvinen.jpg; exact taxon match; normalized to local JPEG without EXIF.
species-image:Большая белая цапля,species_image,species catalog,Большая белая цапля,Ardea alba,backend/media/species/ardea-alba.jpg,https://upload.wikimedia.org/wikipedia/commons/thumb/b/b6/Ardea_alba4.jpg/960px-Ardea_alba4.jpg,https://commons.wikimedia.org/wiki/File:Ardea_alba4.jpg,Calibas,CC BY-SA 3.0,https://creativecommons.org/licenses/by-sa/3.0,yes,verified,low,use,no,Wikidata P18; Wikimedia Commons file File:Ardea alba4.jpg; exact taxon match; normalized to local JPEG without EXIF.
species-image:Большая выпь,species_image,species catalog,Большая выпь,Botaurus stellaris,backend/media/species/botaurus-stellaris.jpg,https://upload.wikimedia.org/wikipedia/commons/3/3b/Eurasian_Bittern_-_Torrile_-_Italy_4528_%2815409347121%29.jpg,https://commons.wikimedia.org/wiki/File:Eurasian_Bittern_-_Torrile_-_Italy_4528_(15409347121).jpg,Francesco Veronesi from Italy,CC BY-SA 2.0,https://creativecommons.org/licenses/by-sa/2.0,yes,verified,low,use,no,Wikidata P18; Wikimedia Commons file File:Eurasian Bittern - Torrile - Italy 4528 (15409347121).jpg; exact taxon match; normalized to local JPEG without EXIF.
species-image:Большая синица,species_image,species catalog,Большая синица,Parus major,backend/media/species/parus-major.jpg,https://upload.wikimedia.org/wikipedia/commons/thumb/4/42/Great_tit_%28Parus_major%29%2C_Parc_de_Woluw%C3%A9%2C_Brussels_%2813042792905%29.jpg/960px-Great_tit_%28Parus_major%29%2C_Parc_de_Woluw%C3%A9%2C_Brussels_%2813042792905%29.jpg,"https://commons.wikimedia.org/wiki/File:Great_tit_(Parus_major),_Parc_de_Woluw%C3%A9,_Brussels_(13042792905).jpg","Frank Vassen from Brussels, Belgium",CC BY 2.0,https://creativecommons.org/licenses/by/2.0,yes,verified,low,use,no,"Wikidata P18; Wikimedia Commons file File:Great tit (Parus major), Parc de Woluwé, Brussels (13042792905).jpg; exact taxon match; normalized to local JPEG without EXIF."
species-image:Большой веретенник,species_image,species catalog,Большой веретенник,Limosa limosa,backend/media/species/limosa-limosa.jpg,https://upload.wikimedia.org/wikipedia/commons/thumb/8/87/.00_2789_Uferschnepfe_%28Limosa_limosa%29.jpg/960px-.00_2789_Uferschnepfe_%28Limosa_limosa%29.jpg,https://commons.wikimedia.org/wiki/File:.00_2789_Uferschnepfe_(Limosa_limosa).jpg,W. Bulach,CC BY-SA 4.0,https://creativecommons.org/licenses/by-sa/4.0,yes,verified,low,use,no,Wikidata P18; Wikimedia Commons file File:.00 2789 Uferschnepfe (Limosa limosa).jpg; exact taxon match; normalized to local JPEG without EXIF.
species-image:Большой подорлик,species_image,species catalog,Большой подорлик,Clanga clanga,backend/media/species/clanga-clanga.jpg,https://upload.wikimedia.org/wikipedia/commons/e/e4/Great_spotted_Eagle_I2_IMG_8358.jpg,https://commons.wikimedia.org/wiki/File:Great_spotted_Eagle_I2_IMG_8358.jpg,J.M.Garg,CC BY-SA 3.0,https://creativecommons.org/licenses/by-sa/3.0,yes,verified,low,use,no,Wikidata P18; Wikimedia Commons file File:Great spotted Eagle I2 IMG 8358.jpg; exact taxon match; normalized to local JPEG without EXIF.
species-image:Волчек (малая выпь),species_image,species catalog,Волчек (малая выпь),Ixobrychus minutus,backend/media/species/ixobrychus-minutus.jpg,https://upload.wikimedia.org/wikipedia/commons/f/fc/Ixobrychus_minutus_2_%28Marek_Szczepanek%29.jpg,https://commons.wikimedia.org/wiki/File:Ixobrychus_minutus_2_(Marek_Szczepanek).jpg,Marek Szczepanek,CC BY-SA 3.0,http://creativecommons.org/licenses/by-sa/3.0/,yes,verified,low,use,no,Commons search; Wikimedia Commons file File:Ixobrychus minutus 2 (Marek Szczepanek).jpg; exact taxon match; normalized to local JPEG without EXIF.
species-image:Галка,species_image,species catalog,Галка,Coloeus monedula,backend/media/species/coloeus-monedula.jpg,https://upload.wikimedia.org/wikipedia/commons/thumb/c/cf/Coloeus_monedula_-Munkedal%2C_Vastra_Gotaland%2C_Sweden-8.jpg/960px-Coloeus_monedula_-Munkedal%2C_Vastra_Gotaland%2C_Sweden-8.jpg,"https://commons.wikimedia.org/wiki/File:Coloeus_monedula_-Munkedal,_Vastra_Gotaland,_Sweden-8.jpg","Karl Jonsson from Göteborg, Sweden",CC BY 2.0,https://creativecommons.org/licenses/by/2.0,yes,verified,low,use,no,"Wikidata P18; Wikimedia Commons file File:Coloeus monedula -Munkedal, Vastra Gotaland, Sweden-8.jpg; exact taxon match; normalized to local JPEG without EXIF."
species-image:Горлица,species_image,species catalog,Горлица,Streptopelia turtur,backend/media/species/streptopelia-turtur.jpg,https://upload.wikimedia.org/wikipedia/commons/thumb/8/8b/European_Turtle_Dove_%28Streptopelia_turtur%29.jpg/960px-European_Turtle_Dove_%28Streptopelia_turtur%29.jpg,https://commons.wikimedia.org/wiki/File:European_Turtle_Dove_(Streptopelia_turtur).jpg,Yuvalr,CC BY-SA 3.0,https://creativecommons.org/licenses/by-sa/3.0,yes,verified,low,use,no,Wikidata P18; Wikimedia Commons file File:European Turtle Dove (Streptopelia turtur).jpg; exact taxon match; normalized to local JPEG without EXIF.
species-image:Грач,species_image,species catalog,Грач,Corvus frugilegus,backend/media/species/corvus-frugilegus.jpg,https://upload.wikimedia.org/wikipedia/commons/thumb/6/6a/Corvus_frugilegus_-Dartmoor%2C_Devon%2C_England-8.jpg/960px-Corvus_frugilegus_-Dartmoor%2C_Devon%2C_England-8.jpg,"https://commons.wikimedia.org/wiki/File:Corvus_frugilegus_-Dartmoor,_Devon,_England-8.jpg","Brian Snelson from Hockley, Essex, England",CC BY 2.0,https://creativecommons.org/licenses/by/2.0,yes,verified,low,use,no,"Wikidata P18; Wikimedia Commons file File:Corvus frugilegus -Dartmoor, Devon, England-8.jpg; exact taxon match; normalized to local JPEG without EXIF."
species-image:Длиннохвостая неясыть,species_image,species catalog,Длиннохвостая неясыть,Strix uralensis,backend/media/species/strix-uralensis.jpg,https://upload.wikimedia.org/wikipedia/commons/thumb/c/ce/2012-11-01_Ural_Owl%2C_Novosibirsk_Oblast%2C_Russia.jpg/960px-2012-11-01_Ural_Owl%2C_Novosibirsk_Oblast%2C_Russia.jpg,"https://commons.wikimedia.org/wiki/File:2012-11-01_Ural_Owl,_Novosibirsk_Oblast,_Russia.jpg","Tatiana Bulyonkova from Novosibirsk, Russia",CC BY-SA 2.0,https://creativecommons.org/licenses/by-sa/2.0,yes,verified,low,use,no,"Wikidata P18; Wikimedia Commons file File:2012-11-01 Ural Owl, Novosibirsk Oblast, Russia.jpg; exact taxon match; normalized to local JPEG without EXIF."
species-image:Домовый воробей,species_image,species catalog,Домовый воробей,Passer domesticus,backend/media/species/passer-domesticus.jpg,https://upload.wikimedia.org/wikipedia/commons/thumb/9/9b/House_sparrow_male_in_Prospect_Park_%2853532%29.jpg/960px-House_sparrow_male_in_Prospect_Park_%2853532%29.jpg,https://commons.wikimedia.org/wiki/File:House_sparrow_male_in_Prospect_Park_(53532).jpg,Rhododendrites,CC BY-SA 4.0,https://creativecommons.org/licenses/by-sa/4.0,yes,verified,low,use,no,Wikidata P18; Wikimedia Commons file File:House sparrow male in Prospect Park (53532).jpg; exact taxon match; normalized to local JPEG without EXIF.
species-image:Дупель,species_image,species catalog,Дупель,Gallinago media,backend/media/species/gallinago-media.jpg,https://upload.wikimedia.org/wikipedia/commons/1/10/Gallinago_media_kilnsea.jpg,https://commons.wikimedia.org/wiki/File:Gallinago_media_kilnsea.jpg,Jimfbleak,CC BY-SA 3.0,https://creativecommons.org/licenses/by-sa/3.0,yes,verified,low,use,no,Wikidata P18; Wikimedia Commons file File:Gallinago media kilnsea.jpg; exact taxon match; normalized to local JPEG without EXIF.
species-image:Желна,species_image,species catalog,Желна,Dryocopus martius,backend/media/species/dryocopus-martius.jpg,https://upload.wikimedia.org/wikipedia/commons/thumb/d/d1/BlackWoods.jpg/960px-BlackWoods.jpg,https://commons.wikimedia.org/wiki/File:BlackWoods.jpg,"Alastair Rae from London, United Kingdom",CC BY-SA 2.0,https://creativecommons.org/licenses/by-sa/2.0,yes,verified,low,use,no,Wikidata P18; Wikimedia Commons file File:BlackWoods.jpg; exact taxon match; normalized to local JPEG without EXIF.
species-image:Змееяд,species_image,species catalog,Змееяд,Circaetus gallicus,backend/media/species/circaetus-gallicus.jpg,https://upload.wikimedia.org/wikipedia/commons/thumb/2/2e/Circaetus_gallicus_-_Short-toed_snake-eagle%C4%B1_02-1.jpg/960px-Circaetus_gallicus_-_Short-toed_snake-eagle%C4%B1_02-1.jpg,https://commons.wikimedia.org/wiki/File:Circaetus_gallicus_-_Short-toed_snake-eagle%C4%B1_02-1.jpg,Zeynel Cebeci,CC BY-SA 4.0,https://creativecommons.org/licenses/by-sa/4.0,yes,verified,low,use,no,Wikidata P18; Wikimedia Commons file File:Circaetus gallicus - Short-toed snake-eagleı 02-1.jpg; exact taxon match; normalized to local JPEG without EXIF.
species-image:Клинтух,species_image,species catalog,Клинтух,Columba oenas,backend/media/species/columba-oenas.jpg,https://upload.wikimedia.org/wikipedia/commons/thumb/b/b5/2019-03-17_Columba_oenas%2C_Jesmond_Dene_1.jpg/960px-2019-03-17_Columba_oenas%2C_Jesmond_Dene_1.jpg,"https://commons.wikimedia.org/wiki/File:2019-03-17_Columba_oenas,_Jesmond_Dene_1.jpg",MPF,CC BY-SA 4.0,https://creativecommons.org/licenses/by-sa/4.0,yes,verified,low,use,no,"Wikidata P18; Wikimedia Commons file File:2019-03-17 Columba oenas, Jesmond Dene 1.jpg; exact taxon match; normalized to local JPEG without EXIF."
species-image:Козодой,species_image,species catalog,Козодой,Caprimulgus europaeus,backend/media/species/caprimulgus-europaeus.jpg,https://upload.wikimedia.org/wikipedia/commons/thumb/b/b5/Caprimulgus_europaeus_g.JPG/960px-Caprimulgus_europaeus_g.JPG,https://commons.wikimedia.org/wiki/File:Caprimulgus_europaeus_g.JPG,P.Taszynski,CC BY-SA 3.0,https://creativecommons.org/licenses/by-sa/3.0,yes,verified,low,use,no,Wikidata P18; Wikimedia Commons file File:Caprimulgus europaeus g.JPG; exact taxon match; normalized to local JPEG without EXIF.
species-image:Красношейная поганка,species_image,species catalog,Красношейная поганка,Podiceps auritus,backend/media/species/podiceps-auritus.jpg,https://upload.wikimedia.org/wikipedia/commons/thumb/b/b3/Podiceps_auritus_%2813909575538%29_%28cropped%29.jpg/960px-Podiceps_auritus_%2813909575538%29_%28cropped%29.jpg,https://commons.wikimedia.org/wiki/File:Podiceps_auritus_(13909575538)_(cropped).jpg,"Ekaterina Chernetsova (Papchinskaya) from Saint-Petersburg, Russia",CC BY 2.0,https://creativecommons.org/licenses/by/2.0,yes,verified,low,use,no,Wikidata P18; Wikimedia Commons file File:Podiceps auritus (13909575538) (cropped).jpg; exact taxon match; normalized to local JPEG without EXIF.
species-image:Кулик-сорока,species_image,species catalog,Кулик-сорока,Haematopus ostralegus,backend/media/species/haematopus-ostralegus.jpg,https://upload.wikimedia.org/wikipedia/commons/thumb/5/51/Haematopus_ostralegus_He.jpg/960px-Haematopus_ostralegus_He.jpg,https://commons.wikimedia.org/wiki/File:Haematopus_ostralegus_He.jpg,Andreas Trepte,CC BY-SA 2.5,https://creativecommons.org/licenses/by-sa/2.5,yes,verified,low,use,no,Wikidata P18; Wikimedia Commons file File:Haematopus ostralegus He.jpg; exact taxon match; normalized to local JPEG without EXIF.
species-image:Ласточка деревенская,species_image,species catalog,Ласточка деревенская,Hirundo rustica,backend/media/species/hirundo-rustica.jpg,https://upload.wikimedia.org/wikipedia/commons/thumb/1/12/Barn_Swallow_%2895504589%29.jpeg/960px-Barn_Swallow_%2895504589%29.jpeg,https://commons.wikimedia.org/wiki/File:Barn_Swallow_(95504589).jpeg,Morhaf Aljanee,CC BY-SA 3.0,https://creativecommons.org/licenses/by-sa/3.0,yes,verified,low,use,no,Wikidata P18; Wikimedia Commons file File:Barn Swallow (95504589).jpeg; exact taxon match; normalized to local JPEG without EXIF.
species-image:Лесной жаворонок,species_image,species catalog,Лесной жаворонок,Lullula arborea,backend/media/species/lullula-arborea.jpg,https://upload.wikimedia.org/wikipedia/commons/thumb/9/96/Lullula_arborea_%28J%C3%A1n_Svetl%C3%ADk%29.jpg/960px-Lullula_arborea_%28J%C3%A1n_Svetl%C3%ADk%29.jpg,https://commons.wikimedia.org/wiki/File:Lullula_arborea_(J%C3%A1n_Svetl%C3%ADk).jpg,Ján Svetlík,CC BY-SA 2.0,https://creativecommons.org/licenses/by-sa/2.0,yes,verified,low,use,no,Wikidata P18; Wikimedia Commons file File:Lullula arborea (Ján Svetlík).jpg; exact taxon match; normalized to local JPEG without EXIF.
species-image:Малая поганка,species_image,species catalog,Малая поганка,Tachybaptus ruficollis,backend/media/species/tachybaptus-ruficollis.jpg,https://upload.wikimedia.org/wikipedia/commons/thumb/a/a1/Little_Grebe_-_Tachybaptus_ruficollis_15-1.jpg/960px-Little_Grebe_-_Tachybaptus_ruficollis_15-1.jpg,https://commons.wikimedia.org/wiki/File:Little_Grebe_-_Tachybaptus_ruficollis_15-1.jpg,Zeynel Cebeci,CC BY-SA 4.0,https://creativecommons.org/licenses/by-sa/4.0,yes,verified,low,use,no,Wikidata P18; Wikimedia Commons file File:Little Grebe - Tachybaptus ruficollis 15-1.jpg; exact taxon match; normalized to local JPEG without EXIF.
species-image:Мохноногий сыч,species_image,species catalog,Мохноногий сыч,Aegolius funereus,backend/media/species/aegolius-funereus.jpg,https://upload.wikimedia.org/wikipedia/commons/1/17/Aegolius-funereus-001.jpg,https://commons.wikimedia.org/wiki/File:Aegolius-funereus-001.jpg,Mdf,CC BY-SA 3.0,http://creativecommons.org/licenses/by-sa/3.0/,yes,verified,low,use,no,Wikidata P18; Wikimedia Commons file File:Aegolius-funereus-001.jpg; exact taxon match; normalized to local JPEG without EXIF.
species-image:Обыкновенная кукушка,species_image,species catalog,Обыкновенная кукушка,Cuculus canorus,backend/media/species/cuculus-canorus.jpg,https://upload.wikimedia.org/wikipedia/commons/1/14/Cuculus_canorus_vogelartinfo_chris_romeiks_CHR0791_cropped.jpg,https://commons.wikimedia.org/wiki/File:Cuculus_canorus_vogelartinfo_chris_romeiks_CHR0791_cropped.jpg,Cuculus_canorus_vogelartinfo_chris_romeiks_CHR0791.jpg: Vogelartinfo derivative work: Bogbumper (talk),GFDL 1.2,http://www.gnu.org/licenses/old-licenses/fdl-1.2.html,yes,verified,low,use,no,Wikidata P18; Wikimedia Commons file File:Cuculus canorus vogelartinfo chris romeiks CHR0791 cropped.jpg; exact taxon match; normalized to local JPEG without EXIF.
species-image:Обыкновенный скворец,species_image,species catalog,Обыкновенный скворец,Sturnus vulgaris,backend/media/species/sturnus-vulgaris.jpg,https://upload.wikimedia.org/wikipedia/commons/thumb/b/bd/Common_Starling%2C_Blyth_%2812598795653%29.jpg/960px-Common_Starling%2C_Blyth_%2812598795653%29.jpg,"https://commons.wikimedia.org/wiki/File:Common_Starling,_Blyth_(12598795653).jpg",marsupium photography,CC BY-SA 2.0,https://creativecommons.org/licenses/by-sa/2.0,yes,verified,low,use,no,"Wikidata P18; Wikimedia Commons file File:Common Starling, Blyth (12598795653).jpg; exact taxon match; normalized to local JPEG without EXIF."
species-image:Обыкновенный соловей,species_image,species catalog,Обыкновенный соловей,Luscinia luscinia,backend/media/species/luscinia-luscinia.jpg,https://upload.wikimedia.org/wikipedia/commons/thumb/9/93/Luscinia_luscinia_vogelartinfo_chris_romeiks_CHR3635.jpg/960px-Luscinia_luscinia_vogelartinfo_chris_romeiks_CHR3635.jpg,https://commons.wikimedia.org/wiki/File:Luscinia_luscinia_vogelartinfo_chris_romeiks_CHR3635.jpg,Vogelartinfo,GFDL 1.2,http://www.gnu.org/licenses/old-licenses/fdl-1.2.html,yes,verified,low,use,no,Wikidata P18; Wikimedia Commons file File:Luscinia luscinia vogelartinfo chris romeiks CHR3635.jpg; exact taxon match; normalized to local JPEG without EXIF.
species-image:Орел карлик,species_image,species catalog,Орел карлик,Hieraaetus pennatus,backend/media/species/hieraaetus-pennatus.jpg,https://upload.wikimedia.org/wikipedia/commons/thumb/a/a5/%C3%81guila_calzada.JPG/960px-%C3%81guila_calzada.JPG,https://commons.wikimedia.org/wiki/File:%C3%81guila_calzada.JPG,Vicente Zumel,CC BY-SA 3.0,https://creativecommons.org/licenses/by-sa/3.0,yes,verified,low,use,no,Wikidata P18; Wikimedia Commons file File:Águila calzada.JPG; exact taxon match; normalized to local JPEG without EXIF.
species-image:Орлан белохвост,species_image,species catalog,Орлан белохвост,Haliaeetus albicilla,backend/media/species/haliaeetus-albicilla.jpg,https://upload.wikimedia.org/wikipedia/commons/thumb/6/6d/Adult_White-tailed_Eagle_defending_prey%2C_Rezerwat_Gostynin-Wloclawek%2C_Poland.jpg/960px-Adult_White-tailed_Eagle_defending_prey%2C_Rezerwat_Gostynin-Wloclawek%2C_Poland.jpg,"https://commons.wikimedia.org/wiki/File:Adult_White-tailed_Eagle_defending_prey,_Rezerwat_Gostynin-Wloclawek,_Poland.jpg",Original: Andreas Weith. This edit: MPF.,CC BY-SA 4.0,https://creativecommons.org/licenses/by-sa/4.0,yes,verified,low,use,no,"Wikidata P18; Wikimedia Commons file File:Adult White-tailed Eagle defending prey, Rezerwat Gostynin-Wloclawek, Poland.jpg; exact taxon match; normalized to local JPEG without EXIF."
species-image:Осоед,species_image,species catalog,Осоед,Pernis apivorus,backend/media/species/pernis-apivorus.jpg,https://upload.wikimedia.org/wikipedia/commons/thumb/8/8d/Herilaseviu..jpg/960px-Herilaseviu..jpg,https://commons.wikimedia.org/wiki/File:Herilaseviu..jpg,Sillerkiil,CC BY-SA 4.0,https://creativecommons.org/licenses/by-sa/4.0,yes,verified,low,use,no,Wikidata P18; Wikimedia Commons file File:Herilaseviu..jpg; exact taxon match; normalized to local JPEG without EXIF.
species-image:Полевой лунь,species_image,species catalog,Полевой лунь,Circus cyaneus,backend/media/species/circus-cyaneus.jpg,https://upload.wikimedia.org/wikipedia/commons/thumb/8/87/Circus_cyaneus_265961899.jpg/960px-Circus_cyaneus_265961899.jpg,https://commons.wikimedia.org/wiki/File:Circus_cyaneus_265961899.jpg,Александр Чегодаев,CC0,http://creativecommons.org/publicdomain/zero/1.0/deed.en,no,verified,low,use,no,Wikidata P18; Wikimedia Commons file File:Circus cyaneus 265961899.jpg; exact taxon match; normalized to local JPEG without EXIF.
species-image:Рыжая цапля,species_image,species catalog,Рыжая цапля,Ardea purpurea,backend/media/species/ardea-purpurea.jpg,https://upload.wikimedia.org/wikipedia/commons/thumb/d/d6/2010-kabini-purple-heron.jpg/960px-2010-kabini-purple-heron.jpg,https://commons.wikimedia.org/wiki/File:2010-kabini-purple-heron.jpg,Yathin S Krishnappa,CC BY-SA 3.0,https://creativecommons.org/licenses/by-sa/3.0,yes,verified,low,use,no,Wikidata P18; Wikimedia Commons file File:2010-kabini-purple-heron.jpg; exact taxon match; normalized to local JPEG without EXIF.
species-image:Свиристель,species_image,species catalog,Свиристель,Bombycilla garrulus,backend/media/species/bombycilla-garrulus.jpg,https://upload.wikimedia.org/wikipedia/commons/thumb/e/ea/Bohemian_waxwing_%28Bombycilla_garrulus%29%2C_Uitkerke%2C_Belgium_%2816366736689%29.jpg/960px-Bohemian_waxwing_%28Bombycilla_garrulus%29%2C_Uitkerke%2C_Belgium_%2816366736689%29.jpg,"https://commons.wikimedia.org/wiki/File:Bohemian_waxwing_(Bombycilla_garrulus),_Uitkerke,_Belgium_(16366736689).jpg","Frank Vassen from Brussels, Belgium",CC BY 2.0,https://creativecommons.org/licenses/by/2.0,yes,verified,low,use,no,"Wikidata P18; Wikimedia Commons file File:Bohemian waxwing (Bombycilla garrulus), Uitkerke, Belgium (16366736689).jpg; exact taxon match; normalized to local JPEG without EXIF."
species-image:Седой дятел,species_image,species catalog,Седой дятел,Picus canus,backend/media/species/picus-canus.jpg,https://upload.wikimedia.org/wikipedia/commons/thumb/e/e3/%D0%A1%D0%B5%D0%B4%D0%BE%D0%B9_%D0%B4%D1%8F%D1%82%D0%B5%D0%BB.jpg/960px-%D0%A1%D0%B5%D0%B4%D0%BE%D0%B9_%D0%B4%D1%8F%D1%82%D0%B5%D0%BB.jpg,https://commons.wikimedia.org/wiki/File:%D0%A1%D0%B5%D0%B4%D0%BE%D0%B9_%D0%B4%D1%8F%D1%82%D0%B5%D0%BB.jpg,Andrey Tsvirenko,CC BY-SA 3.0,https://creativecommons.org/licenses/by-sa/3.0,yes,verified,low,use,no,Wikidata P18; Wikimedia Commons file File:Седой дятел.jpg; exact taxon match; normalized to local JPEG without EXIF.
species-image:Серая ворона,species_image,species catalog,Серая ворона,Corvus cornix,backend/media/species/corvus-cornix.jpg,https://upload.wikimedia.org/wikipedia/commons/thumb/a/af/Corvus_cornix_%2833515567265%29.jpg/960px-Corvus_cornix_%2833515567265%29.jpg,https://commons.wikimedia.org/wiki/File:Corvus_cornix_(33515567265).jpg,"Donald Hobern from Copenhagen, Denmark",CC BY 2.0,https://creativecommons.org/licenses/by/2.0,yes,verified,low,use,no,Wikidata P18; Wikimedia Commons file File:Corvus cornix (33515567265).jpg; exact taxon match; normalized to local JPEG without EXIF.
species-image:Серая неясыть,species_image,species catalog,Серая неясыть,Strix aluco,backend/media/species/strix-aluco.jpg,https://upload.wikimedia.org/wikipedia/commons/thumb/d/da/Kautz.jpg/960px-Kautz.jpg,https://commons.wikimedia.org/wiki/File:Kautz.jpg,Alexander Flume,CC BY-SA 3.0,https://creativecommons.org/licenses/by-sa/3.0,yes,verified,low,use,no,Wikidata P18; Wikimedia Commons file File:Kautz.jpg; exact taxon match; normalized to local JPEG without EXIF.
species-image:Серая утка,species_image,species catalog,Серая утка,Mareca strepera,backend/media/species/mareca-strepera.jpg,https://upload.wikimedia.org/wikipedia/commons/2/24/Anas_strepera_pair.jpg,https://commons.wikimedia.org/wiki/File:Anas_strepera_pair.jpg,Wikimedia Commons contributor,CC BY-SA 2.0,https://creativecommons.org/licenses/by-sa/2.0,yes,verified,low,use,no,Wikidata P18; Wikimedia Commons file File:Anas strepera pair.jpg; exact taxon match; normalized to local JPEG without EXIF.
species-image:Сизый голубь,species_image,species catalog,Сизый голубь,Columba livia,backend/media/species/columba-livia.jpg,https://upload.wikimedia.org/wikipedia/commons/thumb/1/10/Columba_livia_%28Rock_Dove%2C_wild%29%2C_Duncansby_Head%2C_Caithness%2C_Scotland_1.jpg/960px-Columba_livia_%28Rock_Dove%2C_wild%29%2C_Duncansby_Head%2C_Caithness%2C_Scotland_1.jpg,"https://commons.wikimedia.org/wiki/File:Columba_livia_(Rock_Dove,_wild),_Duncansby_Head,_Caithness,_Scotland_1.jpg",william_stephens,CC BY 4.0,https://creativecommons.org/licenses/by/4.0,yes,verified,low,use,no,"Wikidata P18; Wikimedia Commons file File:Columba livia (Rock Dove, wild), Duncansby Head, Caithness, Scotland 1.jpg; exact taxon match; normalized to local JPEG without EXIF."
species-image:Снегирь,species_image,species catalog,Снегирь,Pyrrhula pyrrhula,backend/media/species/pyrrhula-pyrrhula.jpg,https://upload.wikimedia.org/wikipedia/commons/thumb/d/de/Bullfinch_male.jpg/960px-Bullfinch_male.jpg,https://commons.wikimedia.org/wiki/File:Bullfinch_male.jpg,Francis Franklin,CC BY-SA 3.0,https://creativecommons.org/licenses/by-sa/3.0,yes,verified,low,use,no,Wikidata P18; Wikimedia Commons file File:Bullfinch male.jpg; exact taxon match; normalized to local JPEG without EXIF.
species-image:Сокол сапсан,species_image,species catalog,Сокол сапсан,Falco peregrinus,backend/media/species/falco-peregrinus.jpg,https://upload.wikimedia.org/wikipedia/commons/thumb/3/3f/Faucon_pelerin_7_mai.jpg/960px-Faucon_pelerin_7_mai.jpg,https://commons.wikimedia.org/wiki/File:Faucon_pelerin_7_mai.jpg,Georges Lignier (georges.lignier@wanadoo.fr),CC BY-SA 3.0,https://creativecommons.org/licenses/by-sa/3.0,yes,verified,low,use,no,Wikidata P18; Wikimedia Commons file File:Faucon pelerin 7 mai.jpg; exact taxon match; normalized to local JPEG without EXIF.
species-image:Сорока,species_image,species catalog,Сорока,Pica pica,backend/media/species/pica-pica.jpg,https://upload.wikimedia.org/wikipedia/commons/thumb/b/be/Magpie_in_Ladakh.JPG/960px-Magpie_in_Ladakh.JPG,https://commons.wikimedia.org/wiki/File:Magpie_in_Ladakh.JPG,T R Shankar Raman,CC BY-SA 4.0,https://creativecommons.org/licenses/by-sa/4.0,yes,verified,low,use,no,Wikidata P18; Wikimedia Commons file File:Magpie in Ladakh.JPG; exact taxon match; normalized to local JPEG without EXIF.
species-image:Средний пёстрый дятел,species_image,species catalog,Средний пёстрый дятел,Dendrocoptes medius,backend/media/species/dendrocoptes-medius.jpg,https://upload.wikimedia.org/wikipedia/commons/thumb/a/ad/Middle-spotted_woodpecker_%28Dendrocopos_medius%29%2C_Parc_du_Rouge-Clo%C3%AEtre%2C_Brussels_%2849179578882%29_%28cropped%29.jpg/960px-Middle-spotted_woodpecker_%28Dendrocopos_medius%29%2C_Parc_du_Rouge-Clo%C3%AEtre%2C_Brussels_%2849179578882%29_%28cropped%29.jpg,"https://commons.wikimedia.org/wiki/File:Middle-spotted_woodpecker_(Dendrocopos_medius),_Parc_du_Rouge-Clo%C3%AEtre,_Brussels_(49179578882)_(cropped).jpg","Frank Vassen from Brussels, Belgium",CC BY 2.0,https://creativecommons.org/licenses/by/2.0,yes,verified,low,use,no,"Wikidata P18; Wikimedia Commons file File:Middle-spotted woodpecker (Dendrocopos medius), Parc du Rouge-Cloître, Brussels (49179578882) (cropped).jpg; exact taxon match; normalized to local JPEG without EXIF."
species-image:Стриж черный,species_image,species catalog,Стриж черный,Apus apus,backend/media/species/apus-apus.jpg,https://upload.wikimedia.org/wikipedia/commons/thumb/d/d5/Common_Swift_2025_07_18_02_%28cropped%29.jpg/960px-Common_Swift_2025_07_18_02_%28cropped%29.jpg,https://commons.wikimedia.org/wiki/File:Common_Swift_2025_07_18_02_(cropped).jpg,Alexis Lours,CC BY 4.0,https://creativecommons.org/licenses/by/4.0,yes,verified,low,use,no,Wikidata P18; Wikimedia Commons file File:Common Swift 2025 07 18 02 (cropped).jpg; exact taxon match; normalized to local JPEG without EXIF.
species-image:Трясогузка белая,species_image,species catalog,Трясогузка белая,Motacilla alba,backend/media/species/motacilla-alba.jpg,https://upload.wikimedia.org/wikipedia/commons/thumb/6/60/20180415_015_Winterswijk_Witte_kwikstaart_%2840785272624%29.jpg/960px-20180415_015_Winterswijk_Witte_kwikstaart_%2840785272624%29.jpg,https://commons.wikimedia.org/wiki/File:20180415_015_Winterswijk_Witte_kwikstaart_(40785272624).jpg,"Jac. Janssen from BAARLO LB, NL",CC BY 2.0,https://creativecommons.org/licenses/by/2.0,yes,verified,low,use,no,Wikidata P18; Wikimedia Commons file File:20180415 015 Winterswijk Witte kwikstaart (40785272624).jpg; exact taxon match; normalized to local JPEG without EXIF.
species-image:Чернозобая гагара,species_image,species catalog,Чернозобая гагара,Gavia arctica,backend/media/species/gavia-arctica.jpg,https://upload.wikimedia.org/wikipedia/commons/thumb/f/ff/Gavia_arctica1.jpg/960px-Gavia_arctica1.jpg,https://commons.wikimedia.org/wiki/File:Gavia_arctica1.jpg,Robert Bergman,Public domain,,no,verified,low,use,no,Wikidata P18; Wikimedia Commons file File:Gavia arctica1.jpg; exact taxon match; normalized to local JPEG without EXIF.
species-image:Чёрный аист,species_image,species catalog,Чёрный аист,Ciconia nigra,backend/media/species/ciconia-nigra.jpg,https://upload.wikimedia.org/wikipedia/commons/thumb/8/8c/Ciconia_nigra.jpg/960px-Ciconia_nigra.jpg,https://commons.wikimedia.org/wiki/File:Ciconia_nigra.jpg,J. Patrick Fischer,CC BY-SA 2.5,https://creativecommons.org/licenses/by-sa/2.5,yes,verified,low,use,no,Wikidata P18; Wikimedia Commons file File:Ciconia nigra.jpg; exact taxon match; normalized to local JPEG without EXIF.
species-image:Чёрный стриж,species_image,species catalog,Чёрный стриж,Apus apus,backend/media/species/apus-apus-2.jpg,https://upload.wikimedia.org/wikipedia/commons/thumb/d/d5/Common_Swift_2025_07_18_02_%28cropped%29.jpg/960px-Common_Swift_2025_07_18_02_%28cropped%29.jpg,https://commons.wikimedia.org/wiki/File:Common_Swift_2025_07_18_02_(cropped).jpg,Alexis Lours,CC BY 4.0,https://creativecommons.org/licenses/by/4.0,yes,verified,low,use,no,Wikidata P18; Wikimedia Commons file File:Common Swift 2025 07 18 02 (cropped).jpg; exact taxon match; normalized to local JPEG without EXIF.
species-image:Бледная поганка,species_image,species catalog,Бледная поганка,Amanita phalloides,backend/media/species/amanita-phalloides.jpg,https://upload.wikimedia.org/wikipedia/commons/thumb/9/99/Amanita_phalloides_1.JPG/960px-Amanita_phalloides_1.JPG,https://commons.wikimedia.org/wiki/File:Amanita_phalloides_1.JPG,Archenzo,CC BY-SA 3.0,http://creativecommons.org/licenses/by-sa/3.0/,yes,verified,low,use,no,Wikidata P18; Wikimedia Commons file File:Amanita phalloides 1.JPG; exact taxon match; normalized to local JPEG without EXIF.
species-image:Вольвариелла шелковистая,species_image,species catalog,Вольвариелла шелковистая,Volvariella,backend/media/species/volvariella-bombycina.jpg,https://upload.wikimedia.org/wikipedia/commons/thumb/9/92/Volvariella_bombycina1.jpg/960px-Volvariella_bombycina1.jpg,https://commons.wikimedia.org/wiki/File:Volvariella_bombycina1.jpg,Hagen Graebner,CC BY-SA 3.0,https://creativecommons.org/licenses/by-sa/3.0,yes,verified,low,use,no,Wikidata P18; Wikimedia Commons file File:Volvariella bombycina1.jpg; exact taxon match; normalized to local JPEG without EXIF.
species-image:Головач гигантский,species_image,species catalog,Головач гигантский,Calvatia gigantea,backend/media/species/calvatia-gigantea.jpg,https://upload.wikimedia.org/wikipedia/commons/thumb/2/2f/Giant_Puffball.jpg/960px-Giant_Puffball.jpg,https://commons.wikimedia.org/wiki/File:Giant_Puffball.jpg,The original uploader was Sulfur at English Wikipedia.,CC BY-SA 3.0,http://creativecommons.org/licenses/by-sa/3.0/,yes,verified,low,use,no,Wikidata P18; Wikimedia Commons file File:Giant Puffball.jpg; exact taxon match; normalized to local JPEG without EXIF.
species-image:Каштановый гриб,species_image,species catalog,Каштановый гриб,Gyroporus,backend/media/species/gyroporus-castaneus.jpg,https://upload.wikimedia.org/wikipedia/commons/thumb/2/26/Gyroporus_castaneus_2011_G1.jpg/960px-Gyroporus_castaneus_2011_G1.jpg,https://commons.wikimedia.org/wiki/File:Gyroporus_castaneus_2011_G1.jpg,George Chernilevsky,Public domain,,no,verified,low,use,no,Wikidata P18; Wikimedia Commons file File:Gyroporus castaneus 2011 G1.jpg; exact taxon match; normalized to local JPEG without EXIF.
species-image:Клавария цоллинегра,species_image,species catalog,Клавария цоллинегра,Clavaria,backend/media/species/clavaria-zollingeri.jpg,https://upload.wikimedia.org/wikipedia/commons/thumb/e/e6/Clavaria_zollingeri_90973.jpg/960px-Clavaria_zollingeri_90973.jpg,https://commons.wikimedia.org/wiki/File:Clavaria_zollingeri_90973.jpg,"This image was created by user Dan Molter (shroomydan) at Mushroom Observer, a source for mycological images.You can contact this user here.",CC BY-SA 3.0,https://creativecommons.org/licenses/by-sa/3.0,yes,verified,low,use,no,Wikidata P18; Wikimedia Commons file File:Clavaria zollingeri 90973.jpg; exact taxon match; normalized to local JPEG without EXIF.
species-image:Моховик,species_image,species catalog,Моховик,Xerocomus,backend/media/species/xerocomus.jpg,https://upload.wikimedia.org/wikipedia/commons/thumb/7/72/Boletus_subtomentosus.jpg/960px-Boletus_subtomentosus.jpg,https://commons.wikimedia.org/wiki/File:Boletus_subtomentosus.jpg,"Daniel Ullrich, Threedots",CC BY-SA 3.0,http://creativecommons.org/licenses/by-sa/3.0/,yes,verified,medium,use,no,Wikidata P18; Wikimedia Commons file File:Boletus subtomentosus.jpg; representative image for non-binomial catalog taxon; normalized to local JPEG without EXIF.
species-image:Мухомор красный,species_image,species catalog,Мухомор красный,Amanita,backend/media/species/amanita-muscaria.jpg,https://upload.wikimedia.org/wikipedia/commons/thumb/3/32/Amanita_muscaria_3_vliegenzwammen_op_rij.jpg/960px-Amanita_muscaria_3_vliegenzwammen_op_rij.jpg,https://commons.wikimedia.org/wiki/File:Amanita_muscaria_3_vliegenzwammen_op_rij.jpg,Onderwijsgek,CC BY-SA 3.0 nl,https://creativecommons.org/licenses/by-sa/3.0/nl/deed.en,yes,verified,low,use,no,Wikidata P18; Wikimedia Commons file File:Amanita muscaria 3 vliegenzwammen op rij.jpg; exact taxon match; normalized to local JPEG without EXIF.
species-image:Мухомор серебристый,species_image,species catalog,Мухомор серебристый,Amanita argentea,backend/media/species/amanita-argentea.jpg,https://upload.wikimedia.org/wikipedia/commons/e/e6/Amanita_mairei.JPG,https://commons.wikimedia.org/wiki/File:Amanita_mairei.JPG,archenzo,CC BY-SA 3.0,http://creativecommons.org/licenses/by-sa/3.0/,yes,verified,low,use,no,Wikidata P18; Wikimedia Commons file File:Amanita mairei.JPG; exact taxon match; normalized to local JPEG without EXIF.
species-image:Опенок ложный,species_image,species catalog,Опенок ложный,Hypholoma,backend/media/species/hypholoma-fasciculare.jpg,https://upload.wikimedia.org/wikipedia/commons/thumb/1/1c/Hypholoma_fasciculare_LC0091.jpg/960px-Hypholoma_fasciculare_LC0091.jpg,https://commons.wikimedia.org/wiki/File:Hypholoma_fasciculare_LC0091.jpg,Jörg Hempel,CC BY-SA 2.0 de,https://creativecommons.org/licenses/by-sa/2.0/de/deed.en,yes,verified,low,use,no,Wikidata P18; Wikimedia Commons file File:Hypholoma fasciculare LC0091.jpg; exact taxon match; normalized to local JPEG without EXIF.
species-image:Пецица сочная,species_image,species catalog,Пецица сочная,Peziza,backend/media/species/peziza-succosa.jpg,https://upload.wikimedia.org/wikipedia/commons/thumb/7/7b/Gelbmilchender_Becherling_Peziza_succosa.jpg/960px-Gelbmilchender_Becherling_Peziza_succosa.jpg,https://commons.wikimedia.org/wiki/File:Gelbmilchender_Becherling_Peziza_succosa.jpg,Holger Krisp,CC BY 3.0,https://creativecommons.org/licenses/by/3.0,yes,verified,low,use,no,Wikidata P18; Wikimedia Commons file File:Gelbmilchender Becherling Peziza succosa.jpg; exact taxon match; normalized to local JPEG without EXIF.
species-image:Подберёзовик,species_image,species catalog,Подберёзовик,Leccinum scabrum,backend/media/species/leccinum-scabrum.jpg,https://upload.wikimedia.org/wikipedia/commons/8/85/Birkenpilz01.jpg,https://commons.wikimedia.org/wiki/File:Birkenpilz01.jpg,Wikimedia Commons contributor,CC BY-SA 3.0,http://creativecommons.org/licenses/by-sa/3.0/,yes,verified,low,use,no,Wikidata P18; Wikimedia Commons file File:Birkenpilz01.jpg; exact taxon match; normalized to local JPEG without EXIF.
species-image:Подосиновик,species_image,species catalog,Подосиновик,Leccinum aurantiacum,backend/media/species/leccinum-aurantiacum.jpg,https://upload.wikimedia.org/wikipedia/commons/thumb/d/db/Leccinum_aurantiacum_G3_%281%29.jpg/960px-Leccinum_aurantiacum_G3_%281%29.jpg,https://commons.wikimedia.org/wiki/File:Leccinum_aurantiacum_G3_(1).jpg,Jerzy Opioła,CC BY-SA 3.0,https://creativecommons.org/licenses/by-sa/3.0,yes,verified,low,use,no,Wikidata P18; Wikimedia Commons file File:Leccinum aurantiacum G3 (1).jpg; exact taxon match; normalized to local JPEG without EXIF.
species-image:Саркодон черепитчатый,species_image,species catalog,Саркодон черепитчатый,Sarcodina,backend/media/species/sarcodon-imbricatus.jpg,https://upload.wikimedia.org/wikipedia/commons/thumb/3/32/Habichtspilz-Sarcodon-imbricatus.jpg/960px-Habichtspilz-Sarcodon-imbricatus.jpg,https://commons.wikimedia.org/wiki/File:Habichtspilz-Sarcodon-imbricatus.jpg,Holger Krisp,CC BY 3.0,https://creativecommons.org/licenses/by/3.0,yes,verified,low,use,no,Wikidata P18; Wikimedia Commons file File:Habichtspilz-Sarcodon-imbricatus.jpg; exact taxon match; normalized to local JPEG without EXIF.
species-image:Свинушка тонкая,species_image,species catalog,Свинушка тонкая,Paxillus involutus,backend/media/species/paxillus-involutus.jpg,https://upload.wikimedia.org/wikipedia/commons/thumb/a/a1/%C4%8Cechratka_podvinut%C3%A1_1.jpg/960px-%C4%8Cechratka_podvinut%C3%A1_1.jpg,https://commons.wikimedia.org/wiki/File:%C4%8Cechratka_podvinut%C3%A1_1.jpg,Karelj,Public domain,,no,verified,low,use,no,Wikidata P18; Wikimedia Commons file File:Čechratka podvinutá 1.jpg; exact taxon match; normalized to local JPEG without EXIF.
species-image:Строчок гигантский,species_image,species catalog,Строчок гигантский,Gyromitra,backend/media/species/gyromitra-gigas.jpg,https://upload.wikimedia.org/wikipedia/commons/thumb/d/dd/Gyromitra_gigas_85397.jpg/960px-Gyromitra_gigas_85397.jpg,https://commons.wikimedia.org/wiki/File:Gyromitra_gigas_85397.jpg,"This image was created by user Ron Pastorino (Ronpast) at Mushroom Observer, a source for mycological images.You can contact this user here.",CC BY-SA 3.0,https://creativecommons.org/licenses/by-sa/3.0,yes,verified,low,use,no,Wikidata P18; Wikimedia Commons file File:Gyromitra gigas 85397.jpg; exact taxon match; normalized to local JPEG without EXIF.
species-image:Сыроежка,species_image,species catalog,Сыроежка,Russula sp.,backend/media/species/russula-sp.jpg,https://upload.wikimedia.org/wikipedia/commons/thumb/c/cb/Russula_sp%3F%2C_Nieuw_Leeuwenhorst%2C_Noordwijkerhout%2C_NL.jpg/960px-Russula_sp%3F%2C_Nieuw_Leeuwenhorst%2C_Noordwijkerhout%2C_NL.jpg,"https://commons.wikimedia.org/wiki/File:Russula_sp%3F,_Nieuw_Leeuwenhorst,_Noordwijkerhout,_NL.jpg",Rudolphous,CC BY-SA 4.0,https://creativecommons.org/licenses/by-sa/4.0,yes,verified,medium,use,no,"Commons search; Wikimedia Commons file File:Russula sp?, Nieuw Leeuwenhorst, Noordwijkerhout, NL.jpg; representative image for non-binomial catalog taxon; normalized to local JPEG without EXIF."
species-image:Энтолома серо-стальная,species_image,species catalog,Энтолома серо-стальная,Entoloma,backend/media/species/entoloma-bloxamii.jpg,https://upload.wikimedia.org/wikipedia/commons/thumb/d/d0/2010-12-04_Entoloma_bloxamii_2_60253.jpg/960px-2010-12-04_Entoloma_bloxamii_2_60253.jpg,https://commons.wikimedia.org/wiki/File:2010-12-04_Entoloma_bloxamii_2_60253.jpg,"This image was created by user BakerSt10 at Mushroom Observer, a source for mycological images.You can contact this user here.",CC BY-SA 3.0,https://creativecommons.org/licenses/by-sa/3.0,yes,verified,low,use,no,Wikidata P18; Wikimedia Commons file File:2010-12-04 Entoloma bloxamii 2 60253.jpg; exact taxon match; normalized to local JPEG without EXIF.
species-image:Болотная черепаха,species_image,species catalog,Болотная черепаха,Emys orbicularis,backend/media/species/emys-orbicularis.jpg,https://upload.wikimedia.org/wikipedia/commons/thumb/f/f2/Hellenic_pond_turtle_%28Emys_orbicularis_hellenica%29_Butrint.jpg/960px-Hellenic_pond_turtle_%28Emys_orbicularis_hellenica%29_Butrint.jpg,https://commons.wikimedia.org/wiki/File:Hellenic_pond_turtle_(Emys_orbicularis_hellenica)_Butrint.jpg,Charles J. Sharp,CC BY-SA 4.0,https://creativecommons.org/licenses/by-sa/4.0,yes,verified,low,use,no,Commons search; Wikimedia Commons file File:Hellenic pond turtle (Emys orbicularis hellenica) Butrint.jpg; exact taxon match; normalized to local JPEG without EXIF.
species-image:Гадюка Никольского,species_image,species catalog,Гадюка Никольского,Vipera nikolskii,backend/media/species/vipera-nikolskii.jpg,https://upload.wikimedia.org/wikipedia/commons/thumb/d/d1/BennyTrapp_Vipera_nikolskii.jpg/960px-BennyTrapp_Vipera_nikolskii.jpg,https://commons.wikimedia.org/wiki/File:BennyTrapp_Vipera_nikolskii.jpg,Benny Trapp,CC BY-SA 3.0,https://creativecommons.org/licenses/by-sa/3.0,yes,verified,low,use,no,Wikidata P18; Wikimedia Commons file File:BennyTrapp Vipera nikolskii.jpg; exact taxon match; normalized to local JPEG without EXIF.
species-image:Гребенчатый тритон,species_image,species catalog,Гребенчатый тритон,Triturus cristatus,backend/media/species/triturus-cristatus.jpg,https://upload.wikimedia.org/wikipedia/commons/thumb/e/e0/Kammmolchmaennchen.jpg/960px-Kammmolchmaennchen.jpg,https://commons.wikimedia.org/wiki/File:Kammmolchmaennchen.jpg,Rainer Theuer.,Public domain,,no,verified,low,use,no,Wikidata P18; Wikimedia Commons file File:Kammmolchmaennchen.jpg; exact taxon match; normalized to local JPEG without EXIF.
species-image:Живородящая ящерица,species_image,species catalog,Живородящая ящерица,Zootoca vivipara,backend/media/species/zootoca-vivipara.jpg,https://upload.wikimedia.org/wikipedia/commons/f/f3/Lacerta_vivipara_1_%28Marek_Szczepanek%29.jpg,https://commons.wikimedia.org/wiki/File:Lacerta_vivipara_1_(Marek_Szczepanek).jpg,Wikimedia Commons contributor,CC BY-SA 3.0,http://creativecommons.org/licenses/by-sa/3.0/,yes,verified,low,use,no,Wikidata P18; Wikimedia Commons file File:Lacerta vivipara 1 (Marek Szczepanek).jpg; license is acceptable; manually downloaded after bulk throttle and stored locally.
species-image:Ломкая веретеница,species_image,species catalog,Ломкая веретеница,Anguis fragilis,backend/media/species/anguis-fragilis.jpg,https://upload.wikimedia.org/wikipedia/commons/5/5e/Anguidae.jpg,https://commons.wikimedia.org/wiki/File:Anguidae.jpg,Wikimedia Commons contributor,CC BY-SA 3.0,http://creativecommons.org/licenses/by-sa/3.0/,yes,verified,low,use,no,Wikidata P18; Wikimedia Commons file File:Anguidae.jpg; exact taxon match; normalized to local JPEG without EXIF.
species-image:Обыкновенная медянка,species_image,species catalog,Обыкновенная медянка,Coronella austriaca,backend/media/species/coronella-austriaca.jpg,https://upload.wikimedia.org/wikipedia/commons/1/17/Schlingnatter.jpg,https://commons.wikimedia.org/wiki/File:Schlingnatter.jpg,Der Irbis,CC BY-SA 3.0,http://creativecommons.org/licenses/by-sa/3.0/,yes,verified,low,use,no,Wikidata P18; Wikimedia Commons file File:Schlingnatter.jpg; exact taxon match; normalized to local JPEG without EXIF.
species-image:Обыкновенный уж,species_image,species catalog,Обыкновенный уж,Natrix natrix,backend/media/species/natrix-natrix.jpg,https://upload.wikimedia.org/wikipedia/commons/thumb/f/f6/2017.07.17.-17-Tiefer_See_oder_Grubensee-Storkow_%28Mark%29--Ringelnatter.jpg/960px-2017.07.17.-17-Tiefer_See_oder_Grubensee-Storkow_%28Mark%29--Ringelnatter.jpg,https://commons.wikimedia.org/wiki/File:2017.07.17.-17-Tiefer_See_oder_Grubensee-Storkow_(Mark)--Ringelnatter.jpg,Andreas Eichler,CC BY-SA 4.0,https://creativecommons.org/licenses/by-sa/4.0,yes,verified,low,use,no,Wikidata P18; Wikimedia Commons file File:2017.07.17.-17-Tiefer See oder Grubensee-Storkow (Mark)--Ringelnatter.jpg; exact taxon match; normalized to local JPEG without EXIF.
species-image:Озёрная лягушка,species_image,species catalog,Озёрная лягушка,Pelophylax ridibundus,backend/media/species/pelophylax-ridibundus.jpg,https://upload.wikimedia.org/wikipedia/commons/thumb/a/af/RanaRidibundaFemale.jpg/960px-RanaRidibundaFemale.jpg,https://commons.wikimedia.org/wiki/File:RanaRidibundaFemale.jpg,Christian Fischer,CC BY-SA 3.0,https://creativecommons.org/licenses/by-sa/3.0,yes,verified,low,use,no,Wikidata P18; Wikimedia Commons file File:RanaRidibundaFemale.jpg; exact taxon match; normalized to local JPEG without EXIF.
species-image:Прыткая ящерица,species_image,species catalog,Прыткая ящерица,Lacerta agilis,backend/media/species/lacerta-agilis.jpg,https://upload.wikimedia.org/wikipedia/commons/thumb/5/5e/Jaszczurka.jpg/960px-Jaszczurka.jpg,https://commons.wikimedia.org/wiki/File:Jaszczurka.jpg,Krzysztof Mizera,CC BY-SA 3.0,https://creativecommons.org/licenses/by-sa/3.0,yes,verified,low,use,no,Wikidata P18; Wikimedia Commons file File:Jaszczurka.jpg; exact taxon match; normalized to local JPEG without EXIF.
species-image:Серая жаба,species_image,species catalog,Серая жаба,Bufo bufo,backend/media/species/bufo-bufo.jpg,https://upload.wikimedia.org/wikipedia/commons/thumb/1/16/Bufo_bufo_2_%282005_07_11%29.jpg/960px-Bufo_bufo_2_%282005_07_11%29.jpg,https://commons.wikimedia.org/wiki/File:Bufo_bufo_2_(2005_07_11).jpg,Taka,CC BY-SA 3.0,http://creativecommons.org/licenses/by-sa/3.0/,yes,verified,low,use,no,Wikidata P18; Wikimedia Commons file File:Bufo bufo 2 (2005 07 11).jpg; exact taxon match; normalized to local JPEG without EXIF.
species-image:Травяная лягушка,species_image,species catalog,Травяная лягушка,Rana temporaria,backend/media/species/rana-temporaria.jpg,https://upload.wikimedia.org/wikipedia/commons/thumb/3/39/European_Common_Frog_Rana_temporaria.jpg/960px-European_Common_Frog_Rana_temporaria.jpg,https://commons.wikimedia.org/wiki/File:European_Common_Frog_Rana_temporaria.jpg,"Richard Bartz, Munich aka Makro Freak Image:MFB.jpg",CC BY-SA 2.5,https://creativecommons.org/licenses/by-sa/2.5,yes,verified,low,use,no,Wikidata P18; Wikimedia Commons file File:European Common Frog Rana temporaria.jpg; exact taxon match; normalized to local JPEG without EXIF.
species-image:Тритон обыкновенный,species_image,species catalog,Тритон обыкновенный,Lissotriton vulgaris,backend/media/species/lissotriton-vulgaris.jpg,https://upload.wikimedia.org/wikipedia/commons/thumb/d/d2/LissotritonVulgarisMaleWater.JPG/960px-LissotritonVulgarisMaleWater.JPG,https://commons.wikimedia.org/wiki/File:LissotritonVulgarisMaleWater.JPG,"Piet Spaans Viridiflavus 21:50, 10 April 2007 (UTC)",CC BY-SA 2.5,https://creativecommons.org/licenses/by-sa/2.5,yes,verified,low,use,no,Wikidata P18; Wikimedia Commons file File:LissotritonVulgarisMaleWater.JPG; exact taxon match; normalized to local JPEG without EXIF.
species-image:Узорчатый полоз,species_image,species catalog,Узорчатый полоз,Elaphe dione,backend/media/species/elaphe-dione.jpg,https://upload.wikimedia.org/wikipedia/commons/0/01/Elaphe_dione.JPG,https://commons.wikimedia.org/wiki/File:Elaphe_dione.JPG,"Vladimir Yu. Arkhipov, Arkhivov",CC BY-SA 3.0,https://creativecommons.org/licenses/by-sa/3.0,yes,verified,low,use,no,Commons search; Wikimedia Commons file File:Elaphe dione.JPG; exact taxon match; normalized to local JPEG without EXIF.
species-image:Чесночница,species_image,species catalog,Чесночница,Pelobates fuscus,backend/media/species/pelobates-fuscus.jpg,https://upload.wikimedia.org/wikipedia/commons/3/32/Pelobates_fuscus_fuscus.jpg,https://commons.wikimedia.org/wiki/File:Pelobates_fuscus_fuscus.jpg,Franco Andreone - see authorization,CC BY-SA 2.5,https://creativecommons.org/licenses/by-sa/2.5,yes,verified,low,use,no,Wikidata P18; Wikimedia Commons file File:Pelobates fuscus fuscus.jpg; exact taxon match; normalized to local JPEG without EXIF.
species-image:Бабочка лимонница,species_image,species catalog,Бабочка лимонница,Gonepteryx rhamni,backend/media/species/gonepteryx-rhamni.jpg,https://upload.wikimedia.org/wikipedia/commons/thumb/d/d0/%28MHNT%29_Gonepteryx_rhamni_-_Foret_de_Bouconne_France_-_female.jpg/960px-%28MHNT%29_Gonepteryx_rhamni_-_Foret_de_Bouconne_France_-_female.jpg,https://commons.wikimedia.org/wiki/File:(MHNT)_Gonepteryx_rhamni_-_Foret_de_Bouconne_France_-_female.jpg,Didier Descouens,CC BY-SA 4.0,https://creativecommons.org/licenses/by-sa/4.0,yes,verified,low,use,no,Wikidata P18; Wikimedia Commons file File:(MHNT) Gonepteryx rhamni - Foret de Bouconne France - female.jpg; exact taxon match; normalized to local JPEG without EXIF.
species-image:Белянка (капустница),species_image,species catalog,Белянка (капустница),Pieris,backend/media/species/pieris-brassicae.jpg,https://upload.wikimedia.org/wikipedia/commons/thumb/e/e2/%28MHNT%29_Pieris_brassicae_-_Foret_de_Bouconne%2C_France_-_female.jpg/960px-%28MHNT%29_Pieris_brassicae_-_Foret_de_Bouconne%2C_France_-_female.jpg,"https://commons.wikimedia.org/wiki/File:(MHNT)_Pieris_brassicae_-_Foret_de_Bouconne,_France_-_female.jpg",Didier Descouens,CC BY-SA 4.0,https://creativecommons.org/licenses/by-sa/4.0,yes,verified,low,use,no,"Wikidata P18; Wikimedia Commons file File:(MHNT) Pieris brassicae - Foret de Bouconne, France - female.jpg; exact taxon match; normalized to local JPEG without EXIF."
species-image:Берёзовый шелкопряд,species_image,species catalog,Берёзовый шелкопряд,Endromis,backend/media/species/endromis-versicolora.jpg,https://upload.wikimedia.org/wikipedia/commons/thumb/c/c7/Endromis_versicolora_306460322.jpg/960px-Endromis_versicolora_306460322.jpg,https://commons.wikimedia.org/wiki/File:Endromis_versicolora_306460322.jpg,Sylvain Montagner,CC BY 4.0,https://creativecommons.org/licenses/by/4.0,yes,verified,low,use,no,Wikidata P18; Wikimedia Commons file File:Endromis versicolora 306460322.jpg; exact taxon match; normalized to local JPEG without EXIF.
species-image:Богомол,species_image,species catalog,Богомол,Mantis,backend/media/species/mantis-religiosa.jpg,https://upload.wikimedia.org/wikipedia/commons/thumb/5/57/Mantis_religiosa_MHNT_enti%C3%A8re.jpg/960px-Mantis_religiosa_MHNT_enti%C3%A8re.jpg,https://commons.wikimedia.org/wiki/File:Mantis_religiosa_MHNT_enti%C3%A8re.jpg,Didier Descouens,CC BY-SA 4.0,https://creativecommons.org/licenses/by-sa/4.0,yes,verified,low,use,no,Wikidata P18; Wikimedia Commons file File:Mantis religiosa MHNT entière.jpg; exact taxon match; normalized to local JPEG without EXIF.
species-image:Божья коровка,species_image,species catalog,Божья коровка,Coccinellidae,backend/media/species/coccinellidae.jpg,https://upload.wikimedia.org/wikipedia/commons/thumb/8/89/Ladybug_larva_%28Coccinellidae%29.jpg/960px-Ladybug_larva_%28Coccinellidae%29.jpg,https://commons.wikimedia.org/wiki/File:Ladybug_larva_(Coccinellidae).jpg,Marcel Zurreck,CC BY-SA 3.0,https://creativecommons.org/licenses/by-sa/3.0,yes,verified,medium,use,no,Wikidata P18; Wikimedia Commons file File:Ladybug larva (Coccinellidae).jpg; representative image for non-binomial catalog taxon; normalized to local JPEG without EXIF.
species-image:Большая ежемуха,species_image,species catalog,Большая ежемуха,Tachina,backend/media/species/tachina-grossa.jpg,https://upload.wikimedia.org/wikipedia/commons/thumb/0/04/Tachina_grossa.2006-08-18.jpg/960px-Tachina_grossa.2006-08-18.jpg,https://commons.wikimedia.org/wiki/File:Tachina_grossa.2006-08-18.jpg,Algirdas,CC BY-SA 3.0,http://creativecommons.org/licenses/by-sa/3.0/,yes,verified,low,use,no,Wikidata P18; Wikimedia Commons file File:Tachina grossa.2006-08-18.jpg; exact taxon match; normalized to local JPEG without EXIF.
species-image:Большое коромысло,species_image,species catalog,Большое коромысло,Aeshna,backend/media/species/aeshna-grandis.jpg,https://upload.wikimedia.org/wikipedia/commons/thumb/7/78/Aeshna_grandis_f_1812.jpg/960px-Aeshna_grandis_f_1812.jpg,https://commons.wikimedia.org/wiki/File:Aeshna_grandis_f_1812.jpg,G.-U. Tolkiehn,CC BY 2.5,https://creativecommons.org/licenses/by/2.5,yes,verified,low,use,no,Wikidata P18; Wikimedia Commons file File:Aeshna grandis f 1812.jpg; exact taxon match; normalized to local JPEG without EXIF.
species-image:Большой рогохвост,species_image,species catalog,Большой рогохвост,Sirex,backend/media/species/urocerus-gigas.jpg,https://upload.wikimedia.org/wikipedia/commons/thumb/5/54/Urocerus_gigas5.jpg/960px-Urocerus_gigas5.jpg,https://commons.wikimedia.org/wiki/File:Urocerus_gigas5.jpg,Holger Gröschl,CC BY-SA 2.0 de,https://creativecommons.org/licenses/by-sa/2.0/de/deed.en,yes,verified,low,use,no,Wikidata P18; Wikimedia Commons file File:Urocerus gigas5.jpg; exact taxon match; normalized to local JPEG without EXIF.
species-image:Бронзовка гладкая,species_image,species catalog,Бронзовка гладкая,Protaetia,backend/media/species/protaetia-aeruginosa.jpg,https://upload.wikimedia.org/wikipedia/commons/thumb/4/47/Protaetia_aeruginosa.Habitus.jpg/960px-Protaetia_aeruginosa.Habitus.jpg,https://commons.wikimedia.org/wiki/File:Protaetia_aeruginosa.Habitus.jpg,Szaboimi,CC BY-SA 3.0,https://creativecommons.org/licenses/by-sa/3.0,yes,verified,low,use,no,Wikidata P18; Wikimedia Commons file File:Protaetia aeruginosa.Habitus.jpg; exact taxon match; normalized to local JPEG without EXIF.
species-image:Вьюнковый бражник,species_image,species catalog,Вьюнковый бражник,Agrius,backend/media/species/agrius-convolvuli.jpg,https://upload.wikimedia.org/wikipedia/commons/thumb/d/d4/Agrius_convolvuli_-_MHNT_CUT_2010_0_470_-_Gironde_France_-_Female.jpg/960px-Agrius_convolvuli_-_MHNT_CUT_2010_0_470_-_Gironde_France_-_Female.jpg,https://commons.wikimedia.org/wiki/File:Agrius_convolvuli_-_MHNT_CUT_2010_0_470_-_Gironde_France_-_Female.jpg,Didier Descouens,CC BY-SA 4.0,https://creativecommons.org/licenses/by-sa/4.0,yes,verified,low,use,no,Wikidata P18; Wikimedia Commons file File:Agrius convolvuli - MHNT CUT 2010 0 470 - Gironde France - Female.jpg; exact taxon match; normalized to local JPEG without EXIF.
species-image:Галатея,species_image,species catalog,Галатея,Melanargia,backend/media/species/melanargia-galathea.jpg,https://upload.wikimedia.org/wikipedia/commons/thumb/3/34/Melanargia_galathea_MHNT_ventre.jpg/960px-Melanargia_galathea_MHNT_ventre.jpg,https://commons.wikimedia.org/wiki/File:Melanargia_galathea_MHNT_ventre.jpg,Didier Descouens,CC BY-SA 4.0,https://creativecommons.org/licenses/by-sa/4.0,yes,verified,low,use,no,Wikidata P18; Wikimedia Commons file File:Melanargia galathea MHNT ventre.jpg; exact taxon match; normalized to local JPEG without EXIF.
species-image:Голубая ленточница,species_image,species catalog,Голубая ленточница,Catocala fraxini,backend/media/species/catocala-fraxini.jpg,https://upload.wikimedia.org/wikipedia/commons/thumb/8/84/Catocala_fraxini1.jpg/960px-Catocala_fraxini1.jpg,https://commons.wikimedia.org/wiki/File:Catocala_fraxini1.jpg,Wikimedia Commons contributor,CC BY-SA 3.0,http://creativecommons.org/licenses/by-sa/3.0/,yes,verified,low,use,no,Wikidata P18; Wikimedia Commons file File:Catocala fraxini1.jpg; exact taxon match; normalized to local JPEG without EXIF.
species-image:Голубянка аргирогномон,species_image,species catalog,Голубянка аргирогномон,Plebejus argyrognomon,backend/media/species/plebejus-argyrognomon.jpg,https://upload.wikimedia.org/wikipedia/commons/thumb/7/79/%28MHNT%29_Plebejus_argyrognomon_-_Roztocze_Poland_-_male.jpg/960px-%28MHNT%29_Plebejus_argyrognomon_-_Roztocze_Poland_-_male.jpg,https://commons.wikimedia.org/wiki/File:(MHNT)_Plebejus_argyrognomon_-_Roztocze_Poland_-_male.jpg,Didier Descouens,CC BY-SA 4.0,https://creativecommons.org/licenses/by-sa/4.0,yes,verified,low,use,no,Wikidata P18; Wikimedia Commons file File:(MHNT) Plebejus argyrognomon - Roztocze Poland - male.jpg; exact taxon match; normalized to local JPEG without EXIF.
species-image:Голубянка красивая,species_image,species catalog,Голубянка красивая,Polyommatus bellargus,backend/media/species/polyommatus-bellargus.jpg,https://upload.wikimedia.org/wikipedia/commons/thumb/3/35/Polyommatus_bellargus_male%2C_Aveyron%2C_France_-_Diliff.jpg/960px-Polyommatus_bellargus_male%2C_Aveyron%2C_France_-_Diliff.jpg,"https://commons.wikimedia.org/wiki/File:Polyommatus_bellargus_male,_Aveyron,_France_-_Diliff.jpg",Diliff,CC BY-SA 3.0,https://creativecommons.org/licenses/by-sa/3.0,yes,verified,low,use,no,"Commons search; Wikimedia Commons file File:Polyommatus bellargus male, Aveyron, France - Diliff.jpg; exact taxon match; normalized to local JPEG without EXIF."
species-image:Дневной павлиний глаз,species_image,species catalog,Дневной павлиний глаз,Aglais,backend/media/species/aglais-io.jpg,https://upload.wikimedia.org/wikipedia/commons/thumb/4/44/Inachis_io_Lill-Jansskogen.JPG/960px-Inachis_io_Lill-Jansskogen.JPG,https://commons.wikimedia.org/wiki/File:Inachis_io_Lill-Jansskogen.JPG,Korall,CC BY-SA 3.0,https://creativecommons.org/licenses/by-sa/3.0,yes,verified,low,use,no,Wikidata P18; Wikimedia Commons file File:Inachis io Lill-Jansskogen.JPG; exact taxon match; normalized to local JPEG without EXIF.
species-image:Дозорщик император,species_image,species catalog,Дозорщик император,Anax,backend/media/species/anax-imperator.jpg,https://upload.wikimedia.org/wikipedia/commons/thumb/0/06/Anax_imperator_qtl2.jpg/960px-Anax_imperator_qtl2.jpg,https://commons.wikimedia.org/wiki/File:Anax_imperator_qtl2.jpg,Quartl,CC BY 3.0,https://creativecommons.org/licenses/by/3.0,yes,verified,low,use,no,Wikidata P18; Wikimedia Commons file File:Anax imperator qtl2.jpg; exact taxon match; normalized to local JPEG without EXIF.
species-image:Дровосек кожевенник,species_image,species catalog,Дровосек кожевенник,Prionus,backend/media/species/prionus-coriarius.jpg,https://upload.wikimedia.org/wikipedia/commons/thumb/9/9b/Prionus_coriarius_080725.jpg/960px-Prionus_coriarius_080725.jpg,https://commons.wikimedia.org/wiki/File:Prionus_coriarius_080725.jpg,"Accipiter, (R. Altenkamp, Berlin)",CC BY-SA 3.0,https://creativecommons.org/licenses/by-sa/3.0,yes,verified,low,use,no,Wikidata P18; Wikimedia Commons file File:Prionus coriarius 080725.jpg; exact taxon match; normalized to local JPEG without EXIF.
species-image:Жук мягкотелка,species_image,species catalog,Жук мягкотелка,Cantharidae,backend/media/species/cantharidae.jpg,https://upload.wikimedia.org/wikipedia/commons/thumb/3/31/Chauliognathus_lugubris.jpg/960px-Chauliognathus_lugubris.jpg,https://commons.wikimedia.org/wiki/File:Chauliognathus_lugubris.jpg,fir0002 flagstaffotos [at] gmail.com Canon 20D + Sigma 150mm f/2.8,GFDL 1.2,http://www.gnu.org/licenses/old-licenses/fdl-1.2.html,yes,verified,medium,use,no,Wikidata P18; Wikimedia Commons file File:Chauliognathus lugubris.jpg; representative image for non-binomial catalog taxon; normalized to local JPEG without EXIF.
species-image:Жук-носорог,species_image,species catalog,Жук-носорог,Oryctes,backend/media/species/oryctes-nasicornis.jpg,https://upload.wikimedia.org/wikipedia/commons/thumb/6/69/Oryctes_nasicornis-002.jpg/960px-Oryctes_nasicornis-002.jpg,https://commons.wikimedia.org/wiki/File:Oryctes_nasicornis-002.jpg,Hectonichus,CC BY-SA 3.0,https://creativecommons.org/licenses/by-sa/3.0,yes,verified,low,use,no,Wikidata P18; Wikimedia Commons file File:Oryctes nasicornis-002.jpg; exact taxon match; normalized to local JPEG without EXIF.
species-image:Жук-плавунец широчайший,species_image,species catalog,Жук-плавунец широчайший,Dytiscus latissimus,backend/media/species/dytiscus-latissimus.jpg,https://upload.wikimedia.org/wikipedia/commons/thumb/a/a2/Dytiscidae_-_Dytiscus_latissimus.JPG/960px-Dytiscidae_-_Dytiscus_latissimus.JPG,https://commons.wikimedia.org/wiki/File:Dytiscidae_-_Dytiscus_latissimus.JPG,Hectonichus,CC BY-SA 3.0,https://creativecommons.org/licenses/by-sa/3.0,yes,verified,low,use,no,Wikidata P18; Wikimedia Commons file File:Dytiscidae - Dytiscus latissimus.JPG; exact taxon match; normalized to local JPEG without EXIF.
species-image:Клоп солдат,species_image,species catalog,Клоп солдат,Pyrrhocoris,backend/media/species/pyrrhocoris-apterus.jpg,https://upload.wikimedia.org/wikipedia/commons/thumb/5/5f/Zapatero_%28Pyrrhocoris_apterus%29%2C_Hartelholz%2C_M%C3%BAnich%2C_Alemania%2C_2020-06-28%2C_DD_362-382_FS.jpg/960px-Zapatero_%28Pyrrhocoris_apterus%29%2C_Hartelholz%2C_M%C3%BAnich%2C_Alemania%2C_2020-06-28%2C_DD_362-382_FS.jpg,"https://commons.wikimedia.org/wiki/File:Zapatero_(Pyrrhocoris_apterus),_Hartelholz,_M%C3%BAnich,_Alemania,_2020-06-28,_DD_362-382_FS.jpg",Diego Delso,CC BY-SA 4.0,https://creativecommons.org/licenses/by-sa/4.0,yes,verified,low,use,no,"Wikidata P18; Wikimedia Commons file File:Zapatero (Pyrrhocoris apterus), Hartelholz, Múnich, Alemania, 2020-06-28, DD 362-382 FS.jpg; exact taxon match; normalized to local JPEG without EXIF."
species-image:Короед,species_image,species catalog,Короед,Scolytinae,backend/media/species/scolytinae.jpg,https://upload.wikimedia.org/wikipedia/commons/thumb/2/2d/Dendroctonus_micans_%2821931043154%29.jpg/960px-Dendroctonus_micans_%2821931043154%29.jpg,https://commons.wikimedia.org/wiki/File:Dendroctonus_micans_(21931043154).jpg,"Gilles San Martin from Namur, Belgium",CC BY-SA 2.0,https://creativecommons.org/licenses/by-sa/2.0,yes,verified,medium,use,no,Wikidata P18; Wikimedia Commons file File:Dendroctonus micans (21931043154).jpg; representative image for non-binomial catalog taxon; normalized to local JPEG without EXIF.
species-image:Коромысло зелёное,species_image,species catalog,Коромысло зелёное,Aeshna viridis,backend/media/species/aeshna-viridis.jpg,https://upload.wikimedia.org/wikipedia/commons/thumb/3/3a/Aeshna_viridis_male_2534.jpg/960px-Aeshna_viridis_male_2534.jpg,https://commons.wikimedia.org/wiki/File:Aeshna_viridis_male_2534.jpg,G. U. Tolkiehn,CC BY 3.0,https://creativecommons.org/licenses/by/3.0,yes,verified,low,use,no,Wikidata P18; Wikimedia Commons file File:Aeshna viridis male 2534.jpg; exact taxon match; normalized to local JPEG without EXIF.
species-image:Красотка-девушка,species_image,species catalog,Красотка-девушка,Calopteryx,backend/media/species/calopteryx-virgo.jpg,https://upload.wikimedia.org/wikipedia/commons/thumb/0/07/Beautiful_Demoiselle_Calopteryx_virgo.jpg/960px-Beautiful_Demoiselle_Calopteryx_virgo.jpg,https://commons.wikimedia.org/wiki/File:Beautiful_Demoiselle_Calopteryx_virgo.jpg,Richard Bartz,CC BY-SA 2.5,https://creativecommons.org/licenses/by-sa/2.5,yes,verified,low,use,no,Wikidata P18; Wikimedia Commons file File:Beautiful Demoiselle Calopteryx virgo.jpg; exact taxon match; normalized to local JPEG without EXIF.
species-image:Листоед роди,species_image,species catalog,Листоед роди,Chrysolina,backend/media/species/chrysolina.jpg,https://upload.wikimedia.org/wikipedia/commons/2/26/Chrysolina_staphylaea1.jpg,https://commons.wikimedia.org/wiki/File:Chrysolina_staphylaea1.jpg,"This image is created by user Dick Belgers at Waarneming.nl, a source of nature observations in the Netherlands.",CC BY 3.0,https://creativecommons.org/licenses/by/3.0,yes,verified,medium,use,no,Wikidata P18; Wikimedia Commons file File:Chrysolina staphylaea1.jpg; representative image for non-binomial catalog taxon; normalized to local JPEG without EXIF.
species-image:Малиновая ленточница,species_image,species catalog,Малиновая ленточница,Catocala,backend/media/species/catocala-sponsa.jpg,https://upload.wikimedia.org/wikipedia/commons/thumb/c/c1/Catocala_sponsa.jpg/960px-Catocala_sponsa.jpg,https://commons.wikimedia.org/wiki/File:Catocala_sponsa.jpg,"Donald Hobern from Canberra, Australia",CC BY 2.0,https://creativecommons.org/licenses/by/2.0,yes,verified,low,use,no,Commons search; Wikimedia Commons file File:Catocala sponsa.jpg; exact taxon match; normalized to local JPEG without EXIF.
species-image:Махаон,species_image,species catalog,Махаон,Papilio machaon,backend/media/species/papilio-machaon.jpg,https://upload.wikimedia.org/wikipedia/commons/thumb/3/36/%28MHNT%29_Papilio_machaon_-_Ch%C4%99ciny_%28Mazovie%29_-_Poland_-_male.jpg/960px-%28MHNT%29_Papilio_machaon_-_Ch%C4%99ciny_%28Mazovie%29_-_Poland_-_male.jpg,https://commons.wikimedia.org/wiki/File:(MHNT)_Papilio_machaon_-_Ch%C4%99ciny_(Mazovie)_-_Poland_-_male.jpg,Didier Descouens,CC BY-SA 4.0,https://creativecommons.org/licenses/by-sa/4.0,yes,verified,low,use,no,Wikidata P18; Wikimedia Commons file File:(MHNT) Papilio machaon - Chęciny (Mazovie) - Poland - male.jpg; exact taxon match; normalized to local JPEG without EXIF.
species-image:Медведица гера,species_image,species catalog,Медведица гера,Callimorpha,backend/media/species/euplagia-quadripunctaria.jpg,https://upload.wikimedia.org/wikipedia/commons/thumb/9/98/0_%C3%89caille_chin%C3%A9e_-_Euplagia_quadripunctaria_-_Havr%C3%A9%2C_Begique_%283%29.JPG/960px-0_%C3%89caille_chin%C3%A9e_-_Euplagia_quadripunctaria_-_Havr%C3%A9%2C_Begique_%283%29.JPG,"https://commons.wikimedia.org/wiki/File:0_%C3%89caille_chin%C3%A9e_-_Euplagia_quadripunctaria_-_Havr%C3%A9,_Begique_(3).JPG",Jean-Pol GRANDMONT,CC BY 3.0,https://creativecommons.org/licenses/by/3.0,yes,verified,low,use,no,"Wikidata P18; Wikimedia Commons file File:0 Écaille chinée - Euplagia quadripunctaria - Havré, Begique (3).JPG; exact taxon match; normalized to local JPEG without EXIF."
species-image:Медведица госпожа,species_image,species catalog,Медведица госпожа,Callimorpha dominula,backend/media/species/callimorpha-dominula.jpg,https://upload.wikimedia.org/wikipedia/commons/thumb/2/28/Callimorpha.dominula.jpg/960px-Callimorpha.dominula.jpg,https://commons.wikimedia.org/wiki/File:Callimorpha.dominula.jpg,Emanresu,Public domain,,no,verified,low,use,no,Wikidata P18; Wikimedia Commons file File:Callimorpha.dominula.jpg; exact taxon match; normalized to local JPEG without EXIF.
species-image:Медведица четырёхточечная,species_image,species catalog,Медведица четырёхточечная,Euplagia quadripunctaria,backend/media/species/euplagia-quadripunctaria-2.jpg,https://upload.wikimedia.org/wikipedia/commons/thumb/9/98/0_%C3%89caille_chin%C3%A9e_-_Euplagia_quadripunctaria_-_Havr%C3%A9%2C_Begique_%283%29.JPG/960px-0_%C3%89caille_chin%C3%A9e_-_Euplagia_quadripunctaria_-_Havr%C3%A9%2C_Begique_%283%29.JPG,"https://commons.wikimedia.org/wiki/File:0_%C3%89caille_chin%C3%A9e_-_Euplagia_quadripunctaria_-_Havr%C3%A9,_Begique_(3).JPG",Jean-Pol GRANDMONT,CC BY 3.0,https://creativecommons.org/licenses/by/3.0,yes,verified,low,use,no,"Wikidata P18; Wikimedia Commons file File:0 Écaille chinée - Euplagia quadripunctaria - Havré, Begique (3).JPG; exact taxon match; normalized to local JPEG without EXIF."
species-image:Мелангрия галатея,species_image,species catalog,Мелангрия галатея,Melanargia galathea,backend/media/species/melanargia-galathea-2.jpg,https://upload.wikimedia.org/wikipedia/commons/thumb/3/34/Melanargia_galathea_MHNT_ventre.jpg/960px-Melanargia_galathea_MHNT_ventre.jpg,https://commons.wikimedia.org/wiki/File:Melanargia_galathea_MHNT_ventre.jpg,Didier Descouens,CC BY-SA 4.0,https://creativecommons.org/licenses/by-sa/4.0,yes,verified,low,use,no,Wikidata P18; Wikimedia Commons file File:Melanargia galathea MHNT ventre.jpg; exact taxon match; normalized to local JPEG without EXIF.
species-image:Мраморный хрущ,species_image,species catalog,Мраморный хрущ,Polyphylla,backend/media/species/polyphylla-fullo.jpg,https://upload.wikimedia.org/wikipedia/commons/thumb/4/46/Polyphylla_fullo.jpg/960px-Polyphylla_fullo.jpg,https://commons.wikimedia.org/wiki/File:Polyphylla_fullo.jpg,Francesco Bellamoli,CC BY-SA 3.0,https://creativecommons.org/licenses/by-sa/3.0,yes,verified,low,use,no,Wikidata P18; Wikimedia Commons file File:Polyphylla fullo.jpg; exact taxon match; normalized to local JPEG without EXIF.
species-image:Муравьи,species_image,species catalog,Муравьи,Formicidae,backend/media/species/formicidae.jpg,https://upload.wikimedia.org/wikipedia/commons/thumb/a/a6/Meat_eater_ant_feeding_on_honey02.jpg/960px-Meat_eater_ant_feeding_on_honey02.jpg,https://commons.wikimedia.org/wiki/File:Meat_eater_ant_feeding_on_honey02.jpg,fir0002 flagstaffotos [at] gmail.com Canon 20D + Sigma 150mm f/2.8,GFDL 1.2,http://www.gnu.org/licenses/old-licenses/fdl-1.2.html,yes,verified,medium,use,no,Wikidata P18; Wikimedia Commons file File:Meat eater ant feeding on honey02.jpg; representative image for non-binomial catalog taxon; normalized to local JPEG without EXIF.
species-image:Неполнокрыл большой,species_image,species catalog,Неполнокрыл большой,Necydalis,backend/media/species/necydalis-major.jpg,https://upload.wikimedia.org/wikipedia/commons/a/a6/Necydalis_major.jpg,https://commons.wikimedia.org/wiki/File:Necydalis_major.jpg,G.G. Yakobson,Public domain,,no,verified,low,use,no,Wikidata P18; Wikimedia Commons file File:Necydalis major.jpg; exact taxon match; normalized to local JPEG without EXIF.
species-image:Обыкновенный языкан,species_image,species catalog,Обыкновенный языкан,Macroglossum,backend/media/species/macroglossum-stellatarum.jpg,https://upload.wikimedia.org/wikipedia/commons/thumb/0/05/Macroglossum_stellatarum_%283%29.jpg/960px-Macroglossum_stellatarum_%283%29.jpg,https://commons.wikimedia.org/wiki/File:Macroglossum_stellatarum_(3).jpg,Thomas Bresson,CC BY 2.0,https://creativecommons.org/licenses/by/2.0,yes,verified,low,use,no,Wikidata P18; Wikimedia Commons file File:Macroglossum stellatarum (3).jpg; exact taxon match; normalized to local JPEG without EXIF.
species-image:Падуболистный коконопряд,species_image,species catalog,Падуболистный коконопряд,Gastropacha,backend/media/species/gastropacha-quercifolia.jpg,https://upload.wikimedia.org/wikipedia/commons/thumb/2/26/Gastropacha_quercifolia_1%28loz%29.jpg/960px-Gastropacha_quercifolia_1%28loz%29.jpg,https://commons.wikimedia.org/wiki/File:Gastropacha_quercifolia_1(loz).jpg,Loz (L. B. Tettenborn),CC BY-SA 3.0,https://creativecommons.org/licenses/by-sa/3.0,yes,verified,low,use,no,Commons search; Wikimedia Commons file File:Gastropacha quercifolia 1(loz).jpg; exact taxon match; normalized to local JPEG without EXIF.
species-image:Пахучий красотел,species_image,species catalog,Пахучий красотел,Calosoma,backend/media/species/calosoma-sycophanta.jpg,https://upload.wikimedia.org/wikipedia/commons/thumb/8/86/Calosoma_sycophanta_b2.jpg/960px-Calosoma_sycophanta_b2.jpg,https://commons.wikimedia.org/wiki/File:Calosoma_sycophanta_b2.jpg,Siga,CC BY-SA 3.0,https://creativecommons.org/licenses/by-sa/3.0,yes,verified,low,use,no,Wikidata P18; Wikimedia Commons file File:Calosoma sycophanta b2.jpg; exact taxon match; normalized to local JPEG without EXIF.
species-image:Перевязанная стрекоза,species_image,species catalog,Перевязанная стрекоза,Sympetrum,backend/media/species/sympetrum-pedemontanum.jpg,https://upload.wikimedia.org/wikipedia/commons/thumb/8/87/SympetrumPedemontanumFemale.jpg/960px-SympetrumPedemontanumFemale.jpg,https://commons.wikimedia.org/wiki/File:SympetrumPedemontanumFemale.jpg,Christian Fischer,CC BY-SA 3.0,https://creativecommons.org/licenses/by-sa/3.0,yes,verified,low,use,no,Wikidata P18; Wikimedia Commons file File:SympetrumPedemontanumFemale.jpg; exact taxon match; normalized to local JPEG without EXIF.
species-image:Прозерпина,species_image,species catalog,Прозерпина,Proserpinus,backend/media/species/proserpinus-proserpina.jpg,https://upload.wikimedia.org/wikipedia/commons/thumb/f/fa/Proserpinus_proserpina_MHNT_CUT_2010_0_495_L%27Argenti%C3%A8re-la-Bess%C3%A9e_Hautes-Alpes%2C_France_-_female.jpg/960px-Proserpinus_proserpina_MHNT_CUT_2010_0_495_L%27Argenti%C3%A8re-la-Bess%C3%A9e_Hautes-Alpes%2C_France_-_female.jpg,"https://commons.wikimedia.org/wiki/File:Proserpinus_proserpina_MHNT_CUT_2010_0_495_L%27Argenti%C3%A8re-la-Bess%C3%A9e_Hautes-Alpes,_France_-_female.jpg",Didier Descouens,CC BY-SA 4.0,https://creativecommons.org/licenses/by-sa/4.0,yes,verified,low,use,no,"Wikidata P18; Wikimedia Commons file File:Proserpinus proserpina MHNT CUT 2010 0 495 L'Argentière-la-Bessée Hautes-Alpes, France - female.jpg; exact taxon match; normalized to local JPEG without EXIF."
species-image:Пчела-плотник,species_image,species catalog,Пчела-плотник,Xylocopa valga,backend/media/species/xylocopa-valga.jpg,https://upload.wikimedia.org/wikipedia/commons/f/f1/Xylocopa_valga_fem.jpg,https://commons.wikimedia.org/wiki/File:Xylocopa_valga_fem.jpg,Hugues Mouret,CC BY-SA 3.0,https://creativecommons.org/licenses/by-sa/3.0,yes,verified,low,use,no,Wikidata P18; Wikimedia Commons file File:Xylocopa valga fem.jpg; exact taxon match; normalized to local JPEG without EXIF.
species-image:Серый рофитоидес,species_image,species catalog,Серый рофитоидес,Rophitoides,,,,,,,no,needs_permission,high,remove_until_permission,yes,No conservative licensed replacement found automatically for search taxon 'Rophitoides canus'; get written permission or pick a licensed replacement manually.
species-image:Сиреневый бражник,species_image,species catalog,Сиреневый бражник,Sphinx,backend/media/species/sphinx-ligustri.jpg,https://upload.wikimedia.org/wikipedia/commons/thumb/6/65/Sphinx_ligustri_-_Ligusterschw%C3%A4rmer_%281%29.jpg/960px-Sphinx_ligustri_-_Ligusterschw%C3%A4rmer_%281%29.jpg,https://commons.wikimedia.org/wiki/File:Sphinx_ligustri_-_Ligusterschw%C3%A4rmer_(1).jpg,ErRu,CC BY-SA 3.0,https://creativecommons.org/licenses/by-sa/3.0,yes,verified,low,use,no,Wikidata P18; Wikimedia Commons file File:Sphinx ligustri - Ligusterschwärmer (1).jpg; exact taxon match; normalized to local JPEG without EXIF.
species-image:Скабиозовая шмелевидка,species_image,species catalog,Скабиозовая шмелевидка,Hemaris,backend/media/species/hemaris-tityus.jpg,https://upload.wikimedia.org/wikipedia/commons/thumb/4/45/Hemaris_tityus_-_MHNT_CUT_2010_0_510_-_Strasbourg_France_-_female.jpg/960px-Hemaris_tityus_-_MHNT_CUT_2010_0_510_-_Strasbourg_France_-_female.jpg,https://commons.wikimedia.org/wiki/File:Hemaris_tityus_-_MHNT_CUT_2010_0_510_-_Strasbourg_France_-_female.jpg,Didier Descouens,CC BY-SA 4.0,https://creativecommons.org/licenses/by-sa/4.0,yes,verified,low,use,no,Wikidata P18; Wikimedia Commons file File:Hemaris tityus - MHNT CUT 2010 0 510 - Strasbourg France - female.jpg; exact taxon match; normalized to local JPEG without EXIF.
species-image:Сколия гигант,species_image,species catalog,Сколия гигант,Megasscolia,backend/media/species/megascolia-maculata.jpg,https://upload.wikimedia.org/wikipedia/commons/thumb/e/ef/Mammoth_wasp_%28Megascolia_maculata%29.jpg/960px-Mammoth_wasp_%28Megascolia_maculata%29.jpg,https://commons.wikimedia.org/wiki/File:Mammoth_wasp_(Megascolia_maculata).jpg,MelnykSerg,CC BY-SA 4.0,https://creativecommons.org/licenses/by-sa/4.0,yes,verified,low,use,no,Commons search; Wikimedia Commons file File:Mammoth wasp (Megascolia maculata).jpg; exact taxon match; normalized to local JPEG without EXIF.
species-image:Средний винный бражник,species_image,species catalog,Средний винный бражник,Deilephila,backend/media/species/deilephila-porcellus.jpg,https://upload.wikimedia.org/wikipedia/commons/thumb/6/62/Deilephila_porcellus_%287484889294%29.jpg/960px-Deilephila_porcellus_%287484889294%29.jpg,https://commons.wikimedia.org/wiki/File:Deilephila_porcellus_(7484889294).jpg,Ben Sale from UK,CC BY 2.0,https://creativecommons.org/licenses/by/2.0,yes,verified,low,use,no,Wikidata P18; Wikimedia Commons file File:Deilephila porcellus (7484889294).jpg; exact taxon match; normalized to local JPEG without EXIF.
species-image:Степная дыбка,species_image,species catalog,Степная дыбка,Saga,backend/media/species/saga-pedo.jpg,https://upload.wikimedia.org/wikipedia/commons/5/53/Saga_2004_7_CB.jpg,https://commons.wikimedia.org/wiki/File:Saga_2004_7_CB.jpg,Christophe Bernier,Public domain,,no,verified,low,use,no,Wikidata P18; Wikimedia Commons file File:Saga 2004 7 CB.jpg; exact taxon match; normalized to local JPEG without EXIF.
species-image:Тополевый ленточник,species_image,species catalog,Тополевый ленточник,Limenitis,backend/media/species/limenitis-populi.jpg,https://upload.wikimedia.org/wikipedia/commons/thumb/5/59/Limenitis_populi_MHNT_CUT_2013_316_Condat_%28Cantal%29.jpg/960px-Limenitis_populi_MHNT_CUT_2013_316_Condat_%28Cantal%29.jpg,https://commons.wikimedia.org/wiki/File:Limenitis_populi_MHNT_CUT_2013_316_Condat_(Cantal).jpg,Didier Descouens,CC BY-SA 4.0,https://creativecommons.org/licenses/by-sa/4.0,yes,verified,low,use,no,Wikidata P18; Wikimedia Commons file File:Limenitis populi MHNT CUT 2013 316 Condat (Cantal).jpg; exact taxon match; normalized to local JPEG without EXIF.
species-image:Усач мускусный,species_image,species catalog,Усач мускусный,Aromia,backend/media/species/aromia-moschata.jpg,https://upload.wikimedia.org/wikipedia/commons/thumb/1/15/Aromia_moschata_on_Heracleum_sphondylium_01.jpg/960px-Aromia_moschata_on_Heracleum_sphondylium_01.jpg,https://commons.wikimedia.org/wiki/File:Aromia_moschata_on_Heracleum_sphondylium_01.jpg,Sinikka Halme,CC BY-SA 4.0,https://creativecommons.org/licenses/by-sa/4.0,yes,verified,low,use,no,Wikidata P18; Wikimedia Commons file File:Aromia moschata on Heracleum sphondylium 01.jpg; exact taxon match; normalized to local JPEG without EXIF.
species-image:Фиолетовая жужелица,species_image,species catalog,Фиолетовая жужелица,Carabus,backend/media/species/carabus-violaceus.jpg,https://upload.wikimedia.org/wikipedia/commons/thumb/3/36/Biegacz_fioletowy_Carabus_violaceus_1.jpg/960px-Biegacz_fioletowy_Carabus_violaceus_1.jpg,https://commons.wikimedia.org/wiki/File:Biegacz_fioletowy_Carabus_violaceus_1.jpg,Wikimedia Commons contributor,CC BY-SA 3.0,http://creativecommons.org/licenses/by-sa/3.0/,yes,verified,low,use,no,Wikidata P18; Wikimedia Commons file File:Biegacz fioletowy Carabus violaceus 1.jpg; exact taxon match; normalized to local JPEG without EXIF.
species-image:Хейлозия Кузнецовой,species_image,species catalog,Хейлозия Кузнецовой,Cheilosia,backend/media/species/cheilosia.jpg,https://upload.wikimedia.org/wikipedia/commons/4/4b/Cheilosia.albipila.male.jpg,https://commons.wikimedia.org/wiki/File:Cheilosia.albipila.male.jpg,James K. Lindsey,CC BY-SA 3.0,https://creativecommons.org/licenses/by-sa/3.0,yes,verified,medium,use,no,Wikidata P18; Wikimedia Commons file File:Cheilosia.albipila.male.jpg; representative image for non-binomial catalog taxon; normalized to local JPEG without EXIF.
species-image:Черная долгоножка,species_image,species catalog,Черная долгоножка,Tanyptera,backend/media/species/tanyptera-atrata.jpg,https://upload.wikimedia.org/wikipedia/commons/thumb/c/cc/Giant_sabre_comb_cranefly_%28Tanyptera_atrata%29_male.jpg/960px-Giant_sabre_comb_cranefly_%28Tanyptera_atrata%29_male.jpg,https://commons.wikimedia.org/wiki/File:Giant_sabre_comb_cranefly_(Tanyptera_atrata)_male.jpg,Charles J. Sharp,CC BY-SA 4.0,https://creativecommons.org/licenses/by-sa/4.0,yes,verified,low,use,no,Commons search; Wikimedia Commons file File:Giant sabre comb cranefly (Tanyptera atrata) male.jpg; exact taxon match; normalized to local JPEG without EXIF.
species-image:Чёрная медведица,species_image,species catalog,Чёрная медведица,Epatolmis,backend/media/species/epatolmis-luctifera.jpg,https://upload.wikimedia.org/wikipedia/commons/thumb/d/dc/%E3%82%AD%E3%83%90%E3%83%A9%E3%83%92%E3%83%88%E3%83%AA.jpg/960px-%E3%82%AD%E3%83%90%E3%83%A9%E3%83%92%E3%83%88%E3%83%AA.jpg,https://commons.wikimedia.org/wiki/File:%E3%82%AD%E3%83%90%E3%83%A9%E3%83%92%E3%83%88%E3%83%AA.jpg,えなががが,CC BY-SA 4.0,https://creativecommons.org/licenses/by-sa/4.0,yes,verified,low,use,no,Wikidata P18; Wikimedia Commons file File:キバラヒトリ.jpg; exact taxon match; normalized to local JPEG without EXIF.
species-image:Ёж обыкновенный,species_image,species catalog,Ёж обыкновенный,Erinaceus europaeus,backend/media/species/erinaceus-europaeus.jpg,https://upload.wikimedia.org/wikipedia/commons/thumb/c/cb/Erinaceus_europaeus_%28Linnaeus%2C_1758%29.jpg/960px-Erinaceus_europaeus_%28Linnaeus%2C_1758%29.jpg,"https://commons.wikimedia.org/wiki/File:Erinaceus_europaeus_(Linnaeus,_1758).jpg",Michael Gäbler,CC BY-SA 3.0,https://creativecommons.org/licenses/by-sa/3.0,yes,verified,low,use,no,"Wikidata P18; Wikimedia Commons file File:Erinaceus europaeus (Linnaeus, 1758).jpg; exact taxon match; normalized to local JPEG without EXIF."
species-image:Байбак,species_image,species catalog,Байбак,Marmota bobak,backend/media/species/marmota-bobak.jpg,https://upload.wikimedia.org/wikipedia/commons/thumb/b/b9/Steppenmurmeltier.jpg/960px-Steppenmurmeltier.jpg,https://commons.wikimedia.org/wiki/File:Steppenmurmeltier.jpg,Gustav Mützel,Public domain,,no,verified,low,use,no,Wikidata P18; Wikimedia Commons file File:Steppenmurmeltier.jpg; exact taxon match; normalized to local JPEG without EXIF.
species-image:Барсук,species_image,species catalog,Барсук,Meles meles,backend/media/species/meles-meles.jpg,https://upload.wikimedia.org/wikipedia/commons/thumb/b/bd/Badger_25-07-09_closer.jpg/960px-Badger_25-07-09_closer.jpg,https://commons.wikimedia.org/wiki/File:Badger_25-07-09_closer.jpg,Chris. P,CC BY 2.0,https://creativecommons.org/licenses/by/2.0,yes,verified,low,use,no,Wikidata P18; Wikimedia Commons file File:Badger 25-07-09 closer.jpg; exact taxon match; normalized to local JPEG without EXIF.
species-image:Благородный олень,species_image,species catalog,Благородный олень,Cervus elaphus,backend/media/species/cervus-elaphus.jpg,https://upload.wikimedia.org/wikipedia/commons/thumb/4/41/Red_deer_%28Cervus_elaphus%29_hind.jpg/960px-Red_deer_%28Cervus_elaphus%29_hind.jpg,https://commons.wikimedia.org/wiki/File:Red_deer_(Cervus_elaphus)_hind.jpg,Charles J. Sharp,CC BY-SA 4.0,https://creativecommons.org/licenses/by-sa/4.0,yes,verified,low,use,no,Wikidata P18; Wikimedia Commons file File:Red deer (Cervus elaphus) hind.jpg; exact taxon match; normalized to local JPEG without EXIF.
species-image:Бобр,species_image,species catalog,Бобр,Castor fiber,backend/media/species/castor-fiber.jpg,https://upload.wikimedia.org/wikipedia/commons/c/cc/Beaver_pho34.jpg,https://commons.wikimedia.org/wiki/File:Beaver_pho34.jpg,Per Harald Olsen,CC BY-SA 3.0,http://creativecommons.org/licenses/by-sa/3.0/,yes,verified,low,use,no,Wikidata P18; Wikimedia Commons file File:Beaver pho34.jpg; exact taxon match; normalized to local JPEG without EXIF.
species-image:Выхухоль русская,species_image,species catalog,Выхухоль русская,Desmana moschata,backend/media/species/desmana-moschata.jpg,https://upload.wikimedia.org/wikipedia/commons/thumb/5/55/Desmana_moschata_MHNT.INS.10.jpg/960px-Desmana_moschata_MHNT.INS.10.jpg,https://commons.wikimedia.org/wiki/File:Desmana_moschata_MHNT.INS.10.jpg,Didier Descouens,CC BY-SA 4.0,https://creativecommons.org/licenses/by-sa/4.0,yes,verified,low,use,no,Wikidata P18; Wikimedia Commons file File:Desmana moschata MHNT.INS.10.jpg; exact taxon match; normalized to local JPEG without EXIF.
species-image:Заяц-беляк,species_image,species catalog,Заяц-беляк,Lepus timidus,backend/media/species/lepus-timidus.jpg,https://upload.wikimedia.org/wikipedia/commons/thumb/4/46/Lepus_timidus_in_Volgograd_Oblast.jpg/960px-Lepus_timidus_in_Volgograd_Oblast.jpg,https://commons.wikimedia.org/wiki/File:Lepus_timidus_in_Volgograd_Oblast.jpg,Правительство Волгоградской области,CC BY-SA 3.0,https://creativecommons.org/licenses/by-sa/3.0,yes,verified,low,use,no,Wikidata P18; Wikimedia Commons file File:Lepus timidus in Volgograd Oblast.jpg; exact taxon match; normalized to local JPEG without EXIF.
species-image:Заяц-русак,species_image,species catalog,Заяц-русак,Lepus europaeus,backend/media/species/lepus-europaeus.jpg,https://upload.wikimedia.org/wikipedia/commons/thumb/e/ea/European_Brown_Hare_%2850341079472%29.jpg/960px-European_Brown_Hare_%2850341079472%29.jpg,https://commons.wikimedia.org/wiki/File:European_Brown_Hare_(50341079472).jpg,caroline legg,CC BY 2.0,https://creativecommons.org/licenses/by/2.0,yes,verified,low,use,no,Wikidata P18; Wikimedia Commons file File:European Brown Hare (50341079472).jpg; exact taxon match; normalized to local JPEG without EXIF.
species-image:Кабан,species_image,species catalog,Кабан,Sus scrofa,backend/media/species/sus-scrofa.jpg,https://upload.wikimedia.org/wikipedia/commons/thumb/6/61/202310_Wild_boar.svg/960px-202310_Wild_boar.svg.png,https://commons.wikimedia.org/wiki/File:202310_Wild_boar.svg,DataBase Center for Life Science (DBCLS),CC BY 4.0,https://creativecommons.org/licenses/by/4.0,yes,verified,low,use,no,Wikidata P18; Wikimedia Commons file File:202310 Wild boar.svg; exact taxon match; normalized to local JPEG without EXIF.
species-image:Косуля,species_image,species catalog,Косуля,Capreolus capreolus,backend/media/species/capreolus-capreolus.jpg,https://upload.wikimedia.org/wikipedia/commons/thumb/0/0b/Capreolus_%28js%2911.jpg/960px-Capreolus_%28js%2911.jpg,https://commons.wikimedia.org/wiki/File:Capreolus_(js)11.jpg,Jerzystrzelecki,CC BY 3.0,https://creativecommons.org/licenses/by/3.0,yes,verified,low,use,no,Wikidata P18; Wikimedia Commons file File:Capreolus (js)11.jpg; exact taxon match; normalized to local JPEG without EXIF.
species-image:Крыса серая,species_image,species catalog,Крыса серая,Rattus norvegicus,backend/media/species/rattus-norvegicus.jpg,https://upload.wikimedia.org/wikipedia/commons/0/01/Rattus_norvegicus_1.jpg,https://commons.wikimedia.org/wiki/File:Rattus_norvegicus_1.jpg,National Park Service,Public domain,,no,verified,low,use,no,Wikidata P18; Wikimedia Commons file File:Rattus norvegicus 1.jpg; exact taxon match; normalized to local JPEG without EXIF.
species-image:Лесная соня,species_image,species catalog,Лесная соня,Dryomys nitedula,backend/media/species/dryomys-nitedula.jpg,https://upload.wikimedia.org/wikipedia/commons/4/45/Dryomys_nitedula.jpg,https://commons.wikimedia.org/wiki/File:Dryomys_nitedula.jpg,Dodoni,CC BY-SA 3.0,http://creativecommons.org/licenses/by-sa/3.0/,yes,verified,low,use,no,Wikidata P18; Wikimedia Commons file File:Dryomys nitedula.jpg; exact taxon match; normalized to local JPEG without EXIF.
species-image:Лисица обыкновенная,species_image,species catalog,Лисица обыкновенная,Vulpes vulpes,backend/media/species/vulpes-vulpes.jpg,https://upload.wikimedia.org/wikipedia/commons/thumb/9/9d/Fox_at_the_British_Wildlife_Centre%2C_Newchapel%2C_Surrey_-_geograph.org.uk_-_2221750.jpg/960px-Fox_at_the_British_Wildlife_Centre%2C_Newchapel%2C_Surrey_-_geograph.org.uk_-_2221750.jpg,"https://commons.wikimedia.org/wiki/File:Fox_at_the_British_Wildlife_Centre,_Newchapel,_Surrey_-_geograph.org.uk_-_2221750.jpg",Peter Trimming,CC BY-SA 2.0,https://creativecommons.org/licenses/by-sa/2.0,yes,verified,low,use,no,"Wikidata P18; Wikimedia Commons file File:Fox at the British Wildlife Centre, Newchapel, Surrey - geograph.org.uk - 2221750.jpg; exact taxon match; normalized to local JPEG without EXIF."
species-image:Лось,species_image,species catalog,Лось,Alces alces,backend/media/species/alces-alces.jpg,https://upload.wikimedia.org/wikipedia/commons/thumb/4/44/A_male_moose_takes_a_rest_in_a_field_during_a_light_rainshower.jpg/960px-A_male_moose_takes_a_rest_in_a_field_during_a_light_rainshower.jpg,https://commons.wikimedia.org/wiki/File:A_male_moose_takes_a_rest_in_a_field_during_a_light_rainshower.jpg,Ryan Hagerty,Public domain,,no,verified,low,use,no,Wikidata P18; Wikimedia Commons file File:A male moose takes a rest in a field during a light rainshower.jpg; exact taxon match; normalized to local JPEG without EXIF.
species-image:Малая вечерница,species_image,species catalog,Малая вечерница,Nyctalus leisleri,backend/media/species/nyctalus-leisleri.jpg,https://upload.wikimedia.org/wikipedia/commons/0/08/Nyctalus_leisleri.jpg,https://commons.wikimedia.org/wiki/File:Nyctalus_leisleri.jpg,"Manuel Werner, Nürtingen, AG Fledermausschutz Baden-Württemberg",CC BY-SA 3.0,http://creativecommons.org/licenses/by-sa/3.0/,yes,verified,low,use,no,Wikidata P18; Wikimedia Commons file File:Nyctalus leisleri.jpg; exact taxon match; normalized to local JPEG without EXIF.
species-image:Мышь домовая,species_image,species catalog,Мышь домовая,Mus musculus,backend/media/species/mus-musculus.jpg,https://upload.wikimedia.org/wikipedia/commons/thumb/5/5d/Maus_au%C3%9Fer_Haus.JPG/960px-Maus_au%C3%9Fer_Haus.JPG,https://commons.wikimedia.org/wiki/File:Maus_au%C3%9Fer_Haus.JPG,4028mdk09,CC BY-SA 3.0,https://creativecommons.org/licenses/by-sa/3.0,yes,verified,low,use,no,Wikidata P18; Wikimedia Commons file File:Maus außer Haus.JPG; exact taxon match; normalized to local JPEG without EXIF.
species-image:Ночница брандта,species_image,species catalog,Ночница брандта,Myotis brandtii,backend/media/species/myotis-brandtii.jpg,https://upload.wikimedia.org/wikipedia/commons/a/a9/Myotis_brandti.jpg,https://commons.wikimedia.org/wiki/File:Myotis_brandti.jpg,Борисенко,CC BY-SA 3.0,http://creativecommons.org/licenses/by-sa/3.0/,yes,verified,low,use,no,Wikidata P18; Wikimedia Commons file File:Myotis brandti.jpg; exact taxon match; normalized to local JPEG without EXIF.
species-image:Обыкновенная белка,species_image,species catalog,Обыкновенная белка,Sciurus vulgaris,backend/media/species/sciurus-vulgaris.jpg,https://upload.wikimedia.org/wikipedia/commons/thumb/1/1c/Squirrel_posing.jpg/960px-Squirrel_posing.jpg,https://commons.wikimedia.org/wiki/File:Squirrel_posing.jpg,Peter Trimming,CC BY 2.0,https://creativecommons.org/licenses/by/2.0,yes,verified,low,use,no,Wikidata P18; Wikimedia Commons file File:Squirrel posing.jpg; exact taxon match; normalized to local JPEG without EXIF.
species-image:Обыкновенная выдра,species_image,species catalog,Обыкновенная выдра,Lutra lutra,backend/media/species/lutra-lutra.jpg,https://upload.wikimedia.org/wikipedia/commons/thumb/7/7f/Otter_-_Eurasian_otter_-_Lutra_lutra.jpg/960px-Otter_-_Eurasian_otter_-_Lutra_lutra.jpg,https://commons.wikimedia.org/wiki/File:Otter_-_Eurasian_otter_-_Lutra_lutra.jpg,Bouke ten Cate,CC BY 4.0,https://creativecommons.org/licenses/by/4.0,yes,verified,low,use,no,Commons search; Wikimedia Commons file File:Otter - Eurasian otter - Lutra lutra.jpg; exact taxon match; normalized to local JPEG without EXIF.
species-image:Ондатра,species_image,species catalog,Ондатра,Ondatra zibethicus,backend/media/species/ondatra-zibethicus.jpg,https://upload.wikimedia.org/wikipedia/commons/2/27/Ondatra_zibethicus_FWS.jpg,https://commons.wikimedia.org/wiki/File:Ondatra_zibethicus_FWS.jpg,David Menke,Public domain,,no,verified,low,use,no,Wikidata P18; Wikimedia Commons file File:Ondatra zibethicus FWS.jpg; exact taxon match; normalized to local JPEG without EXIF.
species-image:Перевязка,species_image,species catalog,Перевязка,Vormela peregusna,backend/media/species/vormela-peregusna.jpg,https://upload.wikimedia.org/wikipedia/commons/thumb/4/40/Marbled_Polecat%2C_Suzakskiy%2C_Kazakhstan_2.jpg/960px-Marbled_Polecat%2C_Suzakskiy%2C_Kazakhstan_2.jpg,"https://commons.wikimedia.org/wiki/File:Marbled_Polecat,_Suzakskiy,_Kazakhstan_2.jpg",katharinegk,CC BY 4.0,https://creativecommons.org/licenses/by/4.0,yes,verified,low,use,no,"Wikidata P18; Wikimedia Commons file File:Marbled Polecat, Suzakskiy, Kazakhstan 2.jpg; exact taxon match; normalized to local JPEG without EXIF."
species-image:Степная пеструшка,species_image,species catalog,Степная пеструшка,Lagurus lagurus,backend/media/species/lagurus-lagurus.jpg,https://upload.wikimedia.org/wikipedia/commons/7/76/Lagurus_lagurus.jpg,https://commons.wikimedia.org/wiki/File:Lagurus_lagurus.jpg,User:Dawson at the English Wikipedia,CC BY-SA 2.5,https://creativecommons.org/licenses/by-sa/2.5,yes,verified,low,use,no,Wikidata P18; Wikimedia Commons file File:Lagurus lagurus.jpg; exact taxon match; normalized to local JPEG without EXIF.
species-image:Суслик европейский,species_image,species catalog,Суслик европейский,Spermophilus citellus,backend/media/species/spermophilus-citellus.jpg,https://upload.wikimedia.org/wikipedia/commons/thumb/f/f2/European_souslik_%28Spermophilus_citellus%29_Obrovisko.jpg/960px-European_souslik_%28Spermophilus_citellus%29_Obrovisko.jpg,https://commons.wikimedia.org/wiki/File:European_souslik_(Spermophilus_citellus)_Obrovisko.jpg,Charles J. Sharp,CC BY-SA 4.0,https://creativecommons.org/licenses/by-sa/4.0,yes,verified,low,use,no,Wikidata P18; Wikimedia Commons file File:European souslik (Spermophilus citellus) Obrovisko.jpg; exact taxon match; normalized to local JPEG without EXIF.
species-image:Бассия венечная,species_image,species catalog,Бассия венечная,Bassia scoparia,backend/media/species/bassia-scoparia.jpg,https://upload.wikimedia.org/wikipedia/commons/thumb/7/7a/Bassia_scoparia_sl16.jpg/960px-Bassia_scoparia_sl16.jpg,https://commons.wikimedia.org/wiki/File:Bassia_scoparia_sl16.jpg,Stefan.lefnaer,CC BY-SA 4.0,https://creativecommons.org/licenses/by-sa/4.0,yes,verified,low,use,no,Wikidata P18; Wikimedia Commons file File:Bassia scoparia sl16.jpg; exact taxon match; normalized to local JPEG without EXIF.
species-image:Берёза повислая,species_image,species catalog,Берёза повислая,Betula pendula,backend/media/species/betula-pendula.jpg,https://upload.wikimedia.org/wikipedia/commons/thumb/8/8a/Betula_pendula_Finland.jpg/960px-Betula_pendula_Finland.jpg,https://commons.wikimedia.org/wiki/File:Betula_pendula_Finland.jpg,Percita at Flickr,CC BY-SA 2.0,https://creativecommons.org/licenses/by-sa/2.0,yes,verified,low,use,no,Wikidata P18; Wikimedia Commons file File:Betula pendula Finland.jpg; exact taxon match; normalized to local JPEG without EXIF.
species-image:Бодяк полевой,species_image,species catalog,Бодяк полевой,Cirsium arvense,backend/media/species/cirsium-arvense.jpg,https://upload.wikimedia.org/wikipedia/commons/thumb/1/1f/Cirsium_arvense_with_Bees_Richard_Bartz.jpg/960px-Cirsium_arvense_with_Bees_Richard_Bartz.jpg,https://commons.wikimedia.org/wiki/File:Cirsium_arvense_with_Bees_Richard_Bartz.jpg,"Richard Bartz, Munich aka Makro Freak",CC BY-SA 2.5,https://creativecommons.org/licenses/by-sa/2.5,yes,verified,low,use,no,Wikidata P18; Wikimedia Commons file File:Cirsium arvense with Bees Richard Bartz.jpg; exact taxon match; normalized to local JPEG without EXIF.
species-image:Брандушка разноцветная,species_image,species catalog,Брандушка разноцветная,Bulbocodium,backend/media/species/bulbocodium-versicolor.jpg,https://upload.wikimedia.org/wikipedia/commons/thumb/4/46/Bulbocodium_versicolor_08%288%29._Kajdatska.jpg/960px-Bulbocodium_versicolor_08%288%29._Kajdatska.jpg,https://commons.wikimedia.org/wiki/File:Bulbocodium_versicolor_08(8)._Kajdatska.jpg,Петроченко Віктор Іванович,CC BY-SA 4.0,https://creativecommons.org/licenses/by-sa/4.0,yes,verified,low,use,no,Commons search; Wikimedia Commons file File:Bulbocodium versicolor 08(8). Kajdatska.jpg; exact taxon match; normalized to local JPEG without EXIF.
species-image:Брусника,species_image,species catalog,Брусника,Vaccinium,backend/media/species/vaccinium-vitis-idaea.jpg,https://upload.wikimedia.org/wikipedia/commons/thumb/f/f1/Vaccinium_vitis-idaea_20060824_003.jpg/960px-Vaccinium_vitis-idaea_20060824_003.jpg,https://commons.wikimedia.org/wiki/File:Vaccinium_vitis-idaea_20060824_003.jpg,Jonas Bergsten,Public domain,,no,verified,low,use,no,Wikidata P18; Wikimedia Commons file File:Vaccinium vitis-idaea 20060824 003.jpg; exact taxon match; normalized to local JPEG without EXIF.
species-image:Ветреница лесная,species_image,species catalog,Ветреница лесная,Anemonoides,backend/media/species/anemone-sylvestris.jpg,https://upload.wikimedia.org/wikipedia/commons/thumb/d/d7/Anemone_sylvestris_sl5.jpg/960px-Anemone_sylvestris_sl5.jpg,https://commons.wikimedia.org/wiki/File:Anemone_sylvestris_sl5.jpg,Stefan.lefnaer,CC BY-SA 3.0,https://creativecommons.org/licenses/by-sa/3.0,yes,verified,low,use,no,Wikidata P18; Wikimedia Commons file File:Anemone sylvestris sl5.jpg; exact taxon match; normalized to local JPEG without EXIF.
species-image:Вольфия бескорневая,species_image,species catalog,Вольфия бескорневая,Wolffia,backend/media/species/wolffia-arrhiza.jpg,https://upload.wikimedia.org/wikipedia/commons/thumb/5/58/WolffiaArrhiza2.jpg/960px-WolffiaArrhiza2.jpg,https://commons.wikimedia.org/wiki/File:WolffiaArrhiza2.jpg,Christian Fischer,CC BY-SA 3.0,https://creativecommons.org/licenses/by-sa/3.0,yes,verified,low,use,no,Wikidata P18; Wikimedia Commons file File:WolffiaArrhiza2.jpg; exact taxon match; normalized to local JPEG without EXIF.
species-image:Вяз приземистый,species_image,species catalog,Вяз приземистый,Ulmus,backend/media/species/ulmus-pumila.jpg,https://upload.wikimedia.org/wikipedia/commons/8/89/Ulmus_pumila.jpg,https://commons.wikimedia.org/wiki/File:Ulmus_pumila.jpg,Bruce Marlin,CC BY-SA 3.0,https://creativecommons.org/licenses/by-sa/3.0,yes,verified,low,use,no,Wikidata P18; Wikimedia Commons file File:Ulmus pumila.jpg; exact taxon match; normalized to local JPEG without EXIF.
species-image:Гвоздика песчаная,species_image,species catalog,Гвоздика песчаная,Dianthus,backend/media/species/dianthus-arenarius.jpg,https://upload.wikimedia.org/wikipedia/commons/thumb/3/3d/Dianthus_arenarius_02.jpg/960px-Dianthus_arenarius_02.jpg,https://commons.wikimedia.org/wiki/File:Dianthus_arenarius_02.jpg,Bjoertvedt,CC BY-SA 3.0,https://creativecommons.org/licenses/by-sa/3.0,yes,verified,low,use,no,Wikidata P18; Wikimedia Commons file File:Dianthus arenarius 02.jpg; exact taxon match; normalized to local JPEG without EXIF.
species-image:Горошек мышиный,species_image,species catalog,Горошек мышиный,Vicia cracca,backend/media/species/vicia-cracca.jpg,https://upload.wikimedia.org/wikipedia/commons/b/b7/Tufted_vetch_close_800.jpg,https://commons.wikimedia.org/wiki/File:Tufted_vetch_close_800.jpg,The original uploader was Sannse at English Wikipedia.,CC BY-SA 3.0,http://creativecommons.org/licenses/by-sa/3.0/,yes,verified,low,use,no,Wikidata P18; Wikimedia Commons file File:Tufted vetch close 800.jpg; exact taxon match; normalized to local JPEG without EXIF.
species-image:Грушанка зеленоцветковая,species_image,species catalog,Грушанка зеленоцветковая,Pyrola,backend/media/species/pyrola-chlorantha.jpg,https://upload.wikimedia.org/wikipedia/commons/6/68/Pyrola_chlorantha_260507.jpg,https://commons.wikimedia.org/wiki/File:Pyrola_chlorantha_260507.jpg,Bernd Haynold,CC BY 2.5,https://creativecommons.org/licenses/by/2.5,yes,verified,low,use,no,Wikidata P18; Wikimedia Commons file File:Pyrola chlorantha 260507.jpg; exact taxon match; normalized to local JPEG without EXIF.
species-image:Донник белый,species_image,species catalog,Донник белый,Melilotus albus,backend/media/species/melilotus-albus.jpg,https://upload.wikimedia.org/wikipedia/commons/thumb/3/33/Melilotus_alba_bgiu.jpg/960px-Melilotus_alba_bgiu.jpg,https://commons.wikimedia.org/wiki/File:Melilotus_alba_bgiu.jpg,No machine-readable author provided. Bogdan assumed (based on copyright claims).,CC BY-SA 3.0,http://creativecommons.org/licenses/by-sa/3.0/,yes,verified,low,use,no,Wikidata P18; Wikimedia Commons file File:Melilotus alba bgiu.jpg; exact taxon match; normalized to local JPEG without EXIF.
species-image:Дуб,species_image,species catalog,Дуб,Quercus,backend/media/species/quercus-robur.jpg,https://upload.wikimedia.org/wikipedia/commons/d/dc/Paprastasis_azuolas.JPG,https://commons.wikimedia.org/wiki/File:Paprastasis_azuolas.JPG,Algirdas at Lithuanian Wikipedia,Public domain,,no,verified,low,use,no,Wikidata P18; Wikimedia Commons file File:Paprastasis azuolas.JPG; exact taxon match; normalized to local JPEG without EXIF.
species-image:Ива лопарская,species_image,species catalog,Ива лопарская,Salix,backend/media/species/salix-lapponum.jpg,https://upload.wikimedia.org/wikipedia/commons/thumb/5/50/Salix_lapponum_General_view.JPG/960px-Salix_lapponum_General_view.JPG,https://commons.wikimedia.org/wiki/File:Salix_lapponum_General_view.JPG,Robert Matthews,CC BY-SA 3.0,https://creativecommons.org/licenses/by-sa/3.0,yes,verified,low,use,no,Wikidata P18; Wikimedia Commons file File:Salix lapponum General view.JPG; exact taxon match; normalized to local JPEG without EXIF.
species-image:Иван-чай узколистный,species_image,species catalog,Иван-чай узколистный,Chamaenerion angustifolium,backend/media/species/chamaenerion-angustifolium.jpg,https://upload.wikimedia.org/wikipedia/commons/thumb/c/c6/Chamerion_angustifolium_-_Fireweed_01.jpg/960px-Chamerion_angustifolium_-_Fireweed_01.jpg,https://commons.wikimedia.org/wiki/File:Chamerion_angustifolium_-_Fireweed_01.jpg,Zeynel Cebeci,CC BY-SA 4.0,https://creativecommons.org/licenses/by-sa/4.0,yes,verified,low,use,no,Wikidata P18; Wikimedia Commons file File:Chamerion angustifolium - Fireweed 01.jpg; exact taxon match; normalized to local JPEG without EXIF.
species-image:Клевер ползучий,species_image,species catalog,Клевер ползучий,Trifolium repens,backend/media/species/trifolium-repens.jpg,https://upload.wikimedia.org/wikipedia/commons/thumb/6/6c/Illustration_Trifolium_repens1.jpg/960px-Illustration_Trifolium_repens1.jpg,https://commons.wikimedia.org/wiki/File:Illustration_Trifolium_repens1.jpg,Wikimedia Commons contributor,Public domain,,no,verified,low,use,no,Wikidata P18; Wikimedia Commons file File:Illustration Trifolium repens1.jpg; exact taxon match; normalized to local JPEG without EXIF.
species-image:Клен,species_image,species catalog,Клен,Acer,backend/media/species/acer-platanoides.jpg,https://upload.wikimedia.org/wikipedia/commons/thumb/d/d1/2020_year._Herbarium._Acer_platanoides._img-012.jpg/960px-2020_year._Herbarium._Acer_platanoides._img-012.jpg,https://commons.wikimedia.org/wiki/File:2020_year._Herbarium._Acer_platanoides._img-012.jpg,Dmitry Makeev,CC BY-SA 4.0,https://creativecommons.org/licenses/by-sa/4.0,yes,verified,low,use,no,Wikidata P18; Wikimedia Commons file File:2020 year. Herbarium. Acer platanoides. img-012.jpg; exact taxon match; normalized to local JPEG without EXIF.
species-image:Ковыль перистый,species_image,species catalog,Ковыль перистый,Stipa pennata,backend/media/species/stipa-pennata.jpg,https://upload.wikimedia.org/wikipedia/commons/thumb/5/56/Stipa_pennata-fruiting.jpg/960px-Stipa_pennata-fruiting.jpg,https://commons.wikimedia.org/wiki/File:Stipa_pennata-fruiting.jpg,Sten Porse,CC BY-SA 3.0,http://creativecommons.org/licenses/by-sa/3.0/,yes,verified,low,use,no,Wikidata P18; Wikimedia Commons file File:Stipa pennata-fruiting.jpg; exact taxon match; normalized to local JPEG without EXIF.
species-image:Колокольчик широколистный,species_image,species catalog,Колокольчик широколистный,Campanula,backend/media/species/campanula-latifolia.jpg,https://upload.wikimedia.org/wikipedia/commons/5/5c/Campanula_latifolia1.jpg,https://commons.wikimedia.org/wiki/File:Campanula_latifolia1.jpg,Kurt Stüber [1],CC BY-SA 3.0,http://creativecommons.org/licenses/by-sa/3.0/,yes,verified,low,use,no,Wikidata P18; Wikimedia Commons file File:Campanula latifolia1.jpg; license is acceptable; manually downloaded after bulk throttle and stored locally.
species-image:Костёр растопыренный,species_image,species catalog,Костёр растопыренный,Bromus squarrosus,backend/media/species/bromus-squarrosus.jpg,https://upload.wikimedia.org/wikipedia/commons/thumb/9/96/Bromus_squarrosus_NRCS-1.jpg/960px-Bromus_squarrosus_NRCS-1.jpg,https://commons.wikimedia.org/wiki/File:Bromus_squarrosus_NRCS-1.jpg,"Jose Hernandez. Provided by ARS Systematic Botany and Mycology Laboratory. Soviet Union (Former), Turkistan.",Public domain,,no,verified,low,use,no,Wikidata P18; Wikimedia Commons file File:Bromus squarrosus NRCS-1.jpg; exact taxon match; normalized to local JPEG without EXIF.
species-image:Кувшинка снежно-белая,species_image,species catalog,Кувшинка снежно-белая,Nymphaea,backend/media/species/nymphaea-candida.jpg,https://upload.wikimedia.org/wikipedia/commons/thumb/f/fc/Lumme_%28Nymphaea_candida%29.JPG/960px-Lumme_%28Nymphaea_candida%29.JPG,https://commons.wikimedia.org/wiki/File:Lumme_(Nymphaea_candida).JPG,Finner,Public domain,,no,verified,low,use,no,Wikidata P18; Wikimedia Commons file File:Lumme (Nymphaea candida).JPG; exact taxon match; normalized to local JPEG without EXIF.
species-image:Лапчатка гусиная,species_image,species catalog,Лапчатка гусиная,Argentina anserina,backend/media/species/argentina-anserina.jpg,https://upload.wikimedia.org/wikipedia/commons/thumb/5/51/Argentina_anserina_14541485.jpeg/960px-Argentina_anserina_14541485.jpeg,https://commons.wikimedia.org/wiki/File:Argentina_anserina_14541485.jpeg,Kyle Nessen,CC0,http://creativecommons.org/publicdomain/zero/1.0/deed.en,no,verified,low,use,no,Wikidata P18; Wikimedia Commons file File:Argentina anserina 14541485.jpeg; exact taxon match; normalized to local JPEG without EXIF.
species-image:Латук компасный,species_image,species catalog,Латук компасный,Lactuca serriola,backend/media/species/lactuca-serriola.jpg,https://upload.wikimedia.org/wikipedia/commons/thumb/4/4b/COI00041268_-_Lactuca_dubia_-_Martin%2C_Claudius_-_s.n..jpg/960px-COI00041268_-_Lactuca_dubia_-_Martin%2C_Claudius_-_s.n..jpg,"https://commons.wikimedia.org/wiki/File:COI00041268_-_Lactuca_dubia_-_Martin,_Claudius_-_s.n..jpg",Herbarium of the University of Coimbra (COI),CC BY 4.0,https://creativecommons.org/licenses/by/4.0,yes,verified,low,use,no,"Wikidata P18; Wikimedia Commons file File:COI00041268 - Lactuca dubia - Martin, Claudius - s.n..jpg; exact taxon match; normalized to local JPEG without EXIF."
species-image:Липа,species_image,species catalog,Липа,Tilia,backend/media/species/tilia-cordata.jpg,https://upload.wikimedia.org/wikipedia/commons/thumb/1/14/Tilia_cordata%2C_Lipa2009.jpg/960px-Tilia_cordata%2C_Lipa2009.jpg,"https://commons.wikimedia.org/wiki/File:Tilia_cordata,_Lipa2009.jpg",ImreKiss,CC BY 3.0,https://creativecommons.org/licenses/by/3.0,yes,verified,low,use,no,"Wikidata P18; Wikimedia Commons file File:Tilia cordata, Lipa2009.jpg; exact taxon match; normalized to local JPEG without EXIF."
species-image:Льнянка обыкновенная,species_image,species catalog,Льнянка обыкновенная,Linaria vulgaris,backend/media/species/linaria-vulgaris.jpg,https://upload.wikimedia.org/wikipedia/commons/thumb/f/f6/Linaria_vulgaris_-_harilik_k%C3%A4okannus_Valingu.jpg/960px-Linaria_vulgaris_-_harilik_k%C3%A4okannus_Valingu.jpg,https://commons.wikimedia.org/wiki/File:Linaria_vulgaris_-_harilik_k%C3%A4okannus_Valingu.jpg,Ivar Leidus,CC BY-SA 3.0,https://creativecommons.org/licenses/by-sa/3.0,yes,verified,low,use,no,Wikidata P18; Wikimedia Commons file File:Linaria vulgaris - harilik käokannus Valingu.jpg; exact taxon match; normalized to local JPEG without EXIF.
species-image:Любка двулистная,species_image,species catalog,Любка двулистная,Platanthera,backend/media/species/platanthera-bifolia.jpg,https://upload.wikimedia.org/wikipedia/commons/thumb/f/f4/Platanthera_bifolia_%28flower%29.jpg/960px-Platanthera_bifolia_%28flower%29.jpg,https://commons.wikimedia.org/wiki/File:Platanthera_bifolia_(flower).jpg,Hans Hillewaert,CC BY-SA 4.0,https://creativecommons.org/licenses/by-sa/4.0,yes,verified,low,use,no,Wikidata P18; Wikimedia Commons file File:Platanthera bifolia (flower).jpg; exact taxon match; normalized to local JPEG without EXIF.
species-image:Люцерна хмелевидная,species_image,species catalog,Люцерна хмелевидная,Medicago lupulina,backend/media/species/medicago-lupulina.jpg,https://upload.wikimedia.org/wikipedia/commons/b/b1/MedicagoLupulina02.jpg,https://commons.wikimedia.org/wiki/File:MedicagoLupulina02.jpg,Wikimedia Commons contributor,CC BY-SA 3.0,http://creativecommons.org/licenses/by-sa/3.0/,yes,verified,low,use,no,Wikidata P18; Wikimedia Commons file File:MedicagoLupulina02.jpg; exact taxon match; normalized to local JPEG without EXIF.
species-image:Мать-и-мачеха обыкновенная,species_image,species catalog,Мать-и-мачеха обыкновенная,Tussilago farfara,backend/media/species/tussilago-farfara.jpg,https://upload.wikimedia.org/wikipedia/commons/thumb/7/7f/Coltsfoot.jpg/960px-Coltsfoot.jpg,https://commons.wikimedia.org/wiki/File:Coltsfoot.jpg,Andreas Trepte,CC BY-SA 2.5,https://creativecommons.org/licenses/by-sa/2.5,yes,verified,low,use,no,Wikidata P18; Wikimedia Commons file File:Coltsfoot.jpg; exact taxon match; normalized to local JPEG without EXIF.
species-image:Можжевельник обыкновенный,species_image,species catalog,Можжевельник обыкновенный,Juniperus,backend/media/species/juniperus-communis.jpg,https://upload.wikimedia.org/wikipedia/commons/thumb/1/1e/Juniperus_communis_fruits_-_Keila.jpg/960px-Juniperus_communis_fruits_-_Keila.jpg,https://commons.wikimedia.org/wiki/File:Juniperus_communis_fruits_-_Keila.jpg,Ivar Leidus,CC BY-SA 4.0,https://creativecommons.org/licenses/by-sa/4.0,yes,verified,low,use,no,Wikidata P18; Wikimedia Commons file File:Juniperus communis fruits - Keila.jpg; exact taxon match; normalized to local JPEG without EXIF.
species-image:Молодило русское,species_image,species catalog,Молодило русское,Sempervivum,backend/media/species/sempervivum-ruthenicum.jpg,https://upload.wikimedia.org/wikipedia/commons/thumb/d/da/%D0%9C%D0%BE%D0%BB%D0%BE%D0%B4%D0%B8%D0%BB%D0%BE_%D1%80%D1%83%D1%81%D1%8C%D0%BA%D0%B52.JPG/960px-%D0%9C%D0%BE%D0%BB%D0%BE%D0%B4%D0%B8%D0%BB%D0%BE_%D1%80%D1%83%D1%81%D1%8C%D0%BA%D0%B52.JPG,https://commons.wikimedia.org/wiki/File:%D0%9C%D0%BE%D0%BB%D0%BE%D0%B4%D0%B8%D0%BB%D0%BE_%D1%80%D1%83%D1%81%D1%8C%D0%BA%D0%B52.JPG,Mr.Rosewater,CC BY-SA 3.0,https://creativecommons.org/licenses/by-sa/3.0,yes,verified,low,use,no,Wikidata P18; Wikimedia Commons file File:Молодило руське2.JPG; exact taxon match; normalized to local JPEG without EXIF.
species-image:Мышей зелёный,species_image,species catalog,Мышей зелёный,Setaria viridis,backend/media/species/setaria-viridis.jpg,https://upload.wikimedia.org/wikipedia/commons/thumb/f/fd/Groene_naaldaar_aarpluim_%28Setaria_viridis%29.jpg/960px-Groene_naaldaar_aarpluim_%28Setaria_viridis%29.jpg,https://commons.wikimedia.org/wiki/File:Groene_naaldaar_aarpluim_(Setaria_viridis).jpg,Rasbak,CC BY-SA 3.0,http://creativecommons.org/licenses/by-sa/3.0/,yes,verified,low,use,no,Wikidata P18; Wikimedia Commons file File:Groene naaldaar aarpluim (Setaria viridis).jpg; exact taxon match; normalized to local JPEG without EXIF.
species-image:Мятлик однолетний,species_image,species catalog,Мятлик однолетний,Poa annua,,https://upload.wikimedia.org/wikipedia/commons/7/7b/Poa_annua.jpeg,https://commons.wikimedia.org/wiki/File:Poa_annua.jpeg,"Kristian Peters -- Fabelfroh 10:06, 7 May 2007 (UTC)",CC BY-SA 3.0,http://creativecommons.org/licenses/by-sa/3.0/,yes,verified_source_download_failed,medium,retry_download_or_manual,no,"Wikidata P18; Wikimedia Commons file File:Poa annua.jpeg; license is acceptable, but local download failed: download throttled with Retry-After=600s"
species-image:Неравноцветник кровельный,species_image,species catalog,Неравноцветник кровельный,Anisantha tectorum,backend/media/species/anisantha-tectorum.jpg,https://upload.wikimedia.org/wikipedia/commons/thumb/6/63/Anisantha_tectorum_-_Oslo_botanical_garden_-_IMG_8878.jpg/960px-Anisantha_tectorum_-_Oslo_botanical_garden_-_IMG_8878.jpg,https://commons.wikimedia.org/wiki/File:Anisantha_tectorum_-_Oslo_botanical_garden_-_IMG_8878.jpg,Daderot,Public domain,,no,verified,low,use,no,Commons search; Wikimedia Commons file File:Anisantha tectorum - Oslo botanical garden - IMG 8878.jpg; exact taxon match; normalized to local JPEG without EXIF.
species-image:Осина,species_image,species catalog,Осина,Populus tremula,backend/media/species/populus-tremula.jpg,https://upload.wikimedia.org/wikipedia/commons/thumb/b/b0/Ospeholt_i_Hurdal.JPG/960px-Ospeholt_i_Hurdal.JPG,https://commons.wikimedia.org/wiki/File:Ospeholt_i_Hurdal.JPG,Øyvind Holmstad,CC BY-SA 4.0,https://creativecommons.org/licenses/by-sa/4.0,yes,verified,low,use,no,Wikidata P18; Wikimedia Commons file File:Ospeholt i Hurdal.JPG; exact taxon match; normalized to local JPEG without EXIF.
species-image:Плаун булавовидный,species_image,species catalog,Плаун булавовидный,Lycopodium clavatum,backend/media/species/lycopodium-clavatum.jpg,https://upload.wikimedia.org/wikipedia/commons/thumb/1/1d/Lycopodium_clavatum_151207.jpg/960px-Lycopodium_clavatum_151207.jpg,https://commons.wikimedia.org/wiki/File:Lycopodium_clavatum_151207.jpg,Bernd Haynold,CC BY-SA 3.0,https://creativecommons.org/licenses/by-sa/3.0,yes,verified,low,use,no,Wikidata P18; Wikimedia Commons file File:Lycopodium clavatum 151207.jpg; exact taxon match; normalized to local JPEG without EXIF.
species-image:Плаун годичный,species_image,species catalog,Плаун годичный,Lycopodium annotinum,backend/media/species/lycopodium-annotinum.jpg,https://upload.wikimedia.org/wikipedia/commons/thumb/f/f6/Lycopodium_annotinum_161102a.jpg/960px-Lycopodium_annotinum_161102a.jpg,https://commons.wikimedia.org/wiki/File:Lycopodium_annotinum_161102a.jpg,Bernd Haynold,CC BY 2.5,https://creativecommons.org/licenses/by/2.5,yes,verified,low,use,no,Wikidata P18; Wikimedia Commons file File:Lycopodium annotinum 161102a.jpg; exact taxon match; normalized to local JPEG without EXIF.
species-image:Плаун сплюснутый,species_image,species catalog,Плаун сплюснутый,Lycopodium,backend/media/species/diphasiastrum-complanatum.jpg,https://upload.wikimedia.org/wikipedia/commons/thumb/9/9d/Diphasiastrum_complanatum_151207c.jpg/960px-Diphasiastrum_complanatum_151207c.jpg,https://commons.wikimedia.org/wiki/File:Diphasiastrum_complanatum_151207c.jpg,Bernd Haynold,CC BY-SA 3.0,https://creativecommons.org/licenses/by-sa/3.0,yes,verified,low,use,no,Wikidata P18; Wikimedia Commons file File:Diphasiastrum complanatum 151207c.jpg; exact taxon match; normalized to local JPEG without EXIF.
species-image:Подбел обыкновенный,species_image,species catalog,Подбел обыкновенный,Andromeda,backend/media/species/andromeda-polifolia.jpg,https://upload.wikimedia.org/wikipedia/commons/thumb/3/3e/Dettaglio-_Ericaceae_Andormeda_polifolia_L._-_Erbario_Frizzi_Perugia_n._4012.jpg/960px-Dettaglio-_Ericaceae_Andormeda_polifolia_L._-_Erbario_Frizzi_Perugia_n._4012.jpg,https://commons.wikimedia.org/wiki/File:Dettaglio-_Ericaceae_Andormeda_polifolia_L._-_Erbario_Frizzi_Perugia_n._4012.jpg,Giuseppe Frizzi,Public domain,,no,verified,low,use,no,Wikidata P18; Wikimedia Commons file File:Dettaglio- Ericaceae Andormeda polifolia L. - Erbario Frizzi Perugia n. 4012.jpg; exact taxon match; normalized to local JPEG without EXIF.
species-image:Подорожник большой,species_image,species catalog,Подорожник большой,Plantago major,backend/media/species/plantago-major.jpg,https://upload.wikimedia.org/wikipedia/commons/thumb/3/33/Grote_weegbree_bloeiwijze_Plantago_major_subsp._major.jpg/960px-Grote_weegbree_bloeiwijze_Plantago_major_subsp._major.jpg,https://commons.wikimedia.org/wiki/File:Grote_weegbree_bloeiwijze_Plantago_major_subsp._major.jpg,Rasbak,CC BY-SA 3.0,http://creativecommons.org/licenses/by-sa/3.0/,yes,verified,low,use,no,Wikidata P18; Wikimedia Commons file File:Grote weegbree bloeiwijze Plantago major subsp. major.jpg; exact taxon match; normalized to local JPEG without EXIF.
species-image:Полынь обыкновенная,species_image,species catalog,Полынь обыкновенная,Artemisia vulgaris,backend/media/species/artemisia-vulgaris.jpg,https://upload.wikimedia.org/wikipedia/commons/d/da/Artemisia_vulgaris_-_K%C3%B6hler%E2%80%93s_Medizinal-Pflanzen-016.jpg,https://commons.wikimedia.org/wiki/File:Artemisia_vulgaris_-_K%C3%B6hler%E2%80%93s_Medizinal-Pflanzen-016.jpg,"Franz Eugen Köhler, Köhler's Medizinal-Pflanzen",Public domain,,no,verified,low,use,no,Wikidata P18; Wikimedia Commons file File:Artemisia vulgaris - Köhler–s Medizinal-Pflanzen-016.jpg; exact taxon match; normalized to local JPEG without EXIF.
species-image:Прострел раскрытый,species_image,species catalog,Прострел раскрытый,Pulsatilla patens,backend/media/species/pulsatilla-patens.jpg,https://upload.wikimedia.org/wikipedia/commons/thumb/2/2e/Koniklec_otev%C5%99en%C3%BD_%28Pulsatilla_patens%29.JPG/960px-Koniklec_otev%C5%99en%C3%BD_%28Pulsatilla_patens%29.JPG,https://commons.wikimedia.org/wiki/File:Koniklec_otev%C5%99en%C3%BD_(Pulsatilla_patens).JPG,Funkervogt,CC BY-SA 3.0,https://creativecommons.org/licenses/by-sa/3.0,yes,verified,low,use,no,Wikidata P18; Wikimedia Commons file File:Koniklec otevřený (Pulsatilla patens).JPG; exact taxon match; normalized to local JPEG without EXIF.
species-image:Рдест длиннейший,species_image,species catalog,Рдест длиннейший,Potamogeton,backend/media/species/potamogeton-praelongus.jpg,https://upload.wikimedia.org/wikipedia/commons/c/c5/Potamogeton_praelongus.jpeg,https://commons.wikimedia.org/wiki/File:Potamogeton_praelongus.jpeg,"Kristian Peters -- Fabelfroh 09:03, 11 October 2006 (UTC)",CC BY-SA 3.0,http://creativecommons.org/licenses/by-sa/3.0/,yes,verified,low,use,no,Wikidata P18; Wikimedia Commons file File:Potamogeton praelongus.jpeg; exact taxon match; normalized to local JPEG without EXIF.
species-image:Рдест остролистный,species_image,species catalog,Рдест остролистный,Potamogeton acutifolius,backend/media/species/potamogeton-acutifolius.jpg,https://upload.wikimedia.org/wikipedia/commons/thumb/7/73/PotamogetonAcutifolius2.jpg/960px-PotamogetonAcutifolius2.jpg,https://commons.wikimedia.org/wiki/File:PotamogetonAcutifolius2.jpg,Christian Fischer,CC BY-SA 3.0,https://creativecommons.org/licenses/by-sa/3.0,yes,verified,low,use,no,Wikidata P18; Wikimedia Commons file File:PotamogetonAcutifolius2.jpg; exact taxon match; normalized to local JPEG without EXIF.
species-image:Рдест узловатый,species_image,species catalog,Рдест узловатый,Potamogeton nodosus,backend/media/species/potamogeton-nodosus.jpg,https://upload.wikimedia.org/wikipedia/commons/a/af/Potamogeton_natans_The_Lakes_NRA.jpg,https://commons.wikimedia.org/wiki/File:Potamogeton_natans_The_Lakes_NRA.jpg,Jim Conrad,Public domain,,no,verified,low,use,no,Wikidata P18; Wikimedia Commons file File:Potamogeton natans The Lakes NRA.jpg; exact taxon match; normalized to local JPEG without EXIF.
species-image:Робиния псевдоакация,species_image,species catalog,Робиния псевдоакация,Robinia pseudoacacia,backend/media/species/robinia-pseudoacacia.jpg,https://upload.wikimedia.org/wikipedia/commons/thumb/b/bc/Korina_2011-05-20_Robinia_pseudoacacia_3.jpg/960px-Korina_2011-05-20_Robinia_pseudoacacia_3.jpg,https://commons.wikimedia.org/wiki/File:Korina_2011-05-20_Robinia_pseudoacacia_3.jpg,Annabell Hormann / korina.info,CC BY-SA 4.0,https://creativecommons.org/licenses/by-sa/4.0,yes,verified,low,use,no,Wikidata P18; Wikimedia Commons file File:Korina 2011-05-20 Robinia pseudoacacia 3.jpg; exact taxon match; normalized to local JPEG without EXIF.
species-image:Рябчик русский,species_image,species catalog,Рябчик русский,Fritillaria,backend/media/species/fritillaria-ruthenica.jpg,https://upload.wikimedia.org/wikipedia/commons/thumb/6/6c/Fritillaria_ruthenica_2.jpg/960px-Fritillaria_ruthenica_2.jpg,https://commons.wikimedia.org/wiki/File:Fritillaria_ruthenica_2.jpg,James Steakley,CC BY-SA 3.0,https://creativecommons.org/licenses/by-sa/3.0,yes,verified,low,use,no,Wikidata P18; Wikimedia Commons file File:Fritillaria ruthenica 2.jpg; exact taxon match; normalized to local JPEG without EXIF.
species-image:Синеголовник плосколистный,species_image,species catalog,Синеголовник плосколистный,Eryngium,backend/media/species/eryngium-planum.jpg,https://upload.wikimedia.org/wikipedia/commons/thumb/7/7a/Eryngium_planum_bgiu.jpg/960px-Eryngium_planum_bgiu.jpg,https://commons.wikimedia.org/wiki/File:Eryngium_planum_bgiu.jpg,No machine-readable author provided. Bogdan assumed (based on copyright claims).,CC BY-SA 3.0,http://creativecommons.org/licenses/by-sa/3.0/,yes,verified,low,use,no,Wikidata P18; Wikimedia Commons file File:Eryngium planum bgiu.jpg; exact taxon match; normalized to local JPEG without EXIF.
species-image:Синяк обыкновенный,species_image,species catalog,Синяк обыкновенный,Echium vulgare,backend/media/species/echium-vulgare.jpg,https://upload.wikimedia.org/wikipedia/commons/thumb/4/42/Dettaglio_-_Borraginaceae_Echium_vulgare_Lin._Erbario_Frizzi_Perugia_n._731.jpg/960px-Dettaglio_-_Borraginaceae_Echium_vulgare_Lin._Erbario_Frizzi_Perugia_n._731.jpg,https://commons.wikimedia.org/wiki/File:Dettaglio_-_Borraginaceae_Echium_vulgare_Lin._Erbario_Frizzi_Perugia_n._731.jpg,Giuseppe Frizzi,Public domain,,no,verified,low,use,no,Wikidata P18; Wikimedia Commons file File:Dettaglio - Borraginaceae Echium vulgare Lin. Erbario Frizzi Perugia n. 731.jpg; exact taxon match; normalized to local JPEG without EXIF.
species-image:Татарник колючий,species_image,species catalog,Татарник колючий,Onopordum acanthium,backend/media/species/onopordum-acanthium.jpg,https://upload.wikimedia.org/wikipedia/commons/thumb/5/50/20150624Onopordum_acanthium5.jpg/960px-20150624Onopordum_acanthium5.jpg,https://commons.wikimedia.org/wiki/File:20150624Onopordum_acanthium5.jpg,AnRo0002,CC0,http://creativecommons.org/publicdomain/zero/1.0/deed.en,no,verified,low,use,no,Wikidata P18; Wikimedia Commons file File:20150624Onopordum acanthium5.jpg; exact taxon match; normalized to local JPEG without EXIF.
species-image:Толстянка обыкновенная,species_image,species catalog,Толстянка обыкновенная,Crassula,backend/media/species/crassula-aquatica.jpg,https://upload.wikimedia.org/wikipedia/commons/9/9e/Crassula_aquatica.jpg,https://commons.wikimedia.org/wiki/File:Crassula_aquatica.jpg,"Hörður Kristinsson from Eyjafjarðarsveit, Island",CC BY 2.0,https://creativecommons.org/licenses/by/2.0,yes,verified,low,use,no,Wikidata P18; Wikimedia Commons file File:Crassula aquatica.jpg; exact taxon match; normalized to local JPEG without EXIF.
species-image:Тополь черный,species_image,species catalog,Тополь черный,Populus nigra,backend/media/species/populus-nigra.jpg,https://upload.wikimedia.org/wikipedia/commons/f/f3/Populus_nigra.Italica.01.jpg,https://commons.wikimedia.org/wiki/File:Populus_nigra.Italica.01.jpg,No machine-readable author provided. JoJan assumed (based on copyright claims).,CC BY-SA 3.0,http://creativecommons.org/licenses/by-sa/3.0/,yes,verified,low,use,no,Wikidata P18; Wikimedia Commons file File:Populus nigra.Italica.01.jpg; exact taxon match; normalized to local JPEG without EXIF.
species-image:Трёхреберник непахучий,species_image,species catalog,Трёхреберник непахучий,Tripleurospermum perforatum,backend/media/species/tripleurospermum-perforatum.jpg,https://upload.wikimedia.org/wikipedia/commons/thumb/d/d5/Tripleurospermum_perforatum_-_Mainz_IMG_5768.JPG/960px-Tripleurospermum_perforatum_-_Mainz_IMG_5768.JPG,https://commons.wikimedia.org/wiki/File:Tripleurospermum_perforatum_-_Mainz_IMG_5768.JPG,Oceancetaceen - Alice Chodura,CC BY-SA 3.0,https://creativecommons.org/licenses/by-sa/3.0,yes,verified,low,use,no,Commons search; Wikimedia Commons file File:Tripleurospermum perforatum - Mainz IMG 5768.JPG; exact taxon match; normalized to local JPEG without EXIF.
species-image:Тюльпан лесной,species_image,species catalog,Тюльпан лесной,Tulipa,backend/media/species/tulipa-sylvestris.jpg,https://upload.wikimedia.org/wikipedia/commons/4/44/Tulipa_sylvestris_250406.jpg,https://commons.wikimedia.org/wiki/File:Tulipa_sylvestris_250406.jpg,Bernd Haynold,CC BY 2.5,https://creativecommons.org/licenses/by/2.5,yes,verified,low,use,no,Wikidata P18; Wikimedia Commons file File:Tulipa sylvestris 250406.jpg; exact taxon match; normalized to local JPEG without EXIF.
species-image:Ясень обыкновенный,species_image,species catalog,Ясень обыкновенный,Fraxinus,backend/media/species/fraxinus-excelsior.jpg,https://upload.wikimedia.org/wikipedia/commons/thumb/3/33/Fraxinus_excelsior_001.jpg/960px-Fraxinus_excelsior_001.jpg,https://commons.wikimedia.org/wiki/File:Fraxinus_excelsior_001.jpg,Willow,CC BY 2.5,https://creativecommons.org/licenses/by/2.5,yes,verified,low,use,no,Wikidata P18; Wikimedia Commons file File:Fraxinus excelsior 001.jpg; exact taxon match; normalized to local JPEG without EXIF.
frontend-hero:swan,frontend_image,home hero,Лебедь-шипун,Cygnus olor,frontend/public/img/swan-hero.png,generated by product owner,,product owner,owner-generated project asset,,no,verified,low,use,no,Hero image generated by product owner and provided on 2026-06-03 for the title page header.
group-cover:plants,frontend_image,group cover,Растения,Artemisia vulgaris,frontend/public/img/group-covers/plants.jpg,https://upload.wikimedia.org/wikipedia/commons/thumb/3/3e/2020_year._Herbarium._Artemisia_vulgaris._img-020.jpg/960px-2020_year._Herbarium._Artemisia_vulgaris._img-020.jpg,https://commons.wikimedia.org/wiki/File:2020_year._Herbarium._Artemisia_vulgaris._img-020.jpg,Dmitry Makeev,CC BY-SA 4.0,https://creativecommons.org/licenses/by-sa/4.0,yes,verified,low,use,no,Wikimedia Commons file File:2020 year. Herbarium. Artemisia vulgaris. img-020.jpg; normalized to local JPEG without EXIF.
group-cover:fungi,frontend_image,group cover,Грибы,Amanita muscaria,frontend/public/img/group-covers/fungi.jpg,https://upload.wikimedia.org/wikipedia/commons/thumb/7/7b/Fliegenpilz_fly_agaric_Amanita_muscaria.JPG/960px-Fliegenpilz_fly_agaric_Amanita_muscaria.JPG,https://commons.wikimedia.org/wiki/File:Fliegenpilz_fly_agaric_Amanita_muscaria.JPG,Holger Krisp,CC BY 3.0,https://creativecommons.org/licenses/by/3.0,yes,verified,low,use,no,Wikimedia Commons file File:Fliegenpilz fly agaric Amanita muscaria.JPG; normalized to local JPEG without EXIF.
group-cover:insects,frontend_image,group cover,Насекомые,Papilio machaon,frontend/public/img/group-covers/insects.jpg,https://upload.wikimedia.org/wikipedia/commons/thumb/2/26/Papilio_machaon_Mitterbach_01.jpg/960px-Papilio_machaon_Mitterbach_01.jpg,https://commons.wikimedia.org/wiki/File:Papilio_machaon_Mitterbach_01.jpg,Uoaei1,CC BY-SA 4.0,https://creativecommons.org/licenses/by-sa/4.0,yes,verified,low,use,no,Wikimedia Commons file File:Papilio machaon Mitterbach 01.jpg; normalized to local JPEG without EXIF.
group-cover:herpetofauna,frontend_image,group cover,Герпетофауна,Lacerta agilis,frontend/public/img/group-covers/herpetofauna.jpg,https://upload.wikimedia.org/wikipedia/commons/thumb/9/9f/Lacerta_agilis_male_2011_G2.jpg/960px-Lacerta_agilis_male_2011_G2.jpg,https://commons.wikimedia.org/wiki/File:Lacerta_agilis_male_2011_G2.jpg,George Chernilevsky,Public domain,,no,verified,low,use,no,Wikimedia Commons file File:Lacerta agilis male 2011 G2.jpg; normalized to local JPEG without EXIF.
group-cover:birds,frontend_image,group cover,Птицы,Cygnus olor,frontend/public/img/group-covers/birds.jpg,https://upload.wikimedia.org/wikipedia/commons/thumb/8/8d/Cygne_tubercul%C3%A9_juv%C3%A9nile_%28Cygnus_olor%29_-_t%C3%AAte_%281%29.jpg/960px-Cygne_tubercul%C3%A9_juv%C3%A9nile_%28Cygnus_olor%29_-_t%C3%AAte_%281%29.jpg,https://commons.wikimedia.org/wiki/File:Cygne_tubercul%C3%A9_juv%C3%A9nile_(Cygnus_olor)_-_t%C3%AAte_(1).jpg,Gzen92,CC BY-SA 4.0,https://creativecommons.org/licenses/by-sa/4.0,yes,verified,low,use,no,Wikimedia Commons file File:Cygne tuberculé juvénile (Cygnus olor) - tête (1).jpg; normalized to local JPEG without EXIF.
group-cover:mammals,frontend_image,group cover,Млекопитающие,Vulpes vulpes,frontend/public/img/group-covers/mammals.jpg,https://upload.wikimedia.org/wikipedia/commons/thumb/8/8e/Alaska_Red_Fox_%28Vulpes_vulpes%29.jpg/960px-Alaska_Red_Fox_%28Vulpes_vulpes%29.jpg,https://commons.wikimedia.org/wiki/File:Alaska_Red_Fox_(Vulpes_vulpes).jpg,"Gregory ""Slobirdr"" Smith",CC BY-SA 2.0,https://creativecommons.org/licenses/by-sa/2.0,yes,verified,low,use,no,Wikimedia Commons file File:Alaska Red Fox (Vulpes vulpes).jpg; normalized to local JPEG without EXIF.
species-audio:Ёж обыкновенный,species_audio,species catalog,Ёж обыкновенный,,backend/media/species-audio/erinaceus-europaeus.ogg,https://xeno-canto.org/1017411,,Xeno-canto / David Tattersley,Creative Commons Attribution-NonCommercial-ShareAlike 4.0,,no,needs_permission,high,exclude_until_permission,yes,NC/ND or otherwise incompatible audio is disabled for corporate deploy.
species-audio:Барсук,species_audio,species catalog,Барсук,,backend/media/species-audio/meles-meles.ogg,https://xeno-canto.org/960960,,Xeno-canto / Lars Edenius,Creative Commons Attribution-NonCommercial-ShareAlike 4.0,,no,needs_permission,high,exclude_until_permission,yes,NC/ND or otherwise incompatible audio is disabled for corporate deploy.
species-audio:Белоспинный дятел,species_audio,species catalog,Белоспинный дятел,,backend/media/species-audio/dendrocopos-leucotos.ogg,https://xeno-canto.org/1102707,,Xeno-canto / Lars Edenius,Creative Commons Attribution-NonCommercial-ShareAlike 4.0,,no,needs_permission,high,exclude_until_permission,yes,NC/ND or otherwise incompatible audio is disabled for corporate deploy.
species-audio:Беркут,species_audio,species catalog,Беркут,,backend/media/species-audio/aquila-chrysaetos.ogg,https://xeno-canto.org/1045328,,Xeno-canto / Lars Edenius,Creative Commons Attribution-NonCommercial-ShareAlike 4.0,,no,needs_permission,high,exclude_until_permission,yes,NC/ND or otherwise incompatible audio is disabled for corporate deploy.
species-audio:Благородный олень,species_audio,species catalog,Благородный олень,,backend/media/species-audio/cervus-elaphus.ogg,https://xeno-canto.org/1046509,,Xeno-canto / David Bissett,Creative Commons Attribution-NonCommercial-ShareAlike 4.0,,no,needs_permission,high,exclude_until_permission,yes,NC/ND or otherwise incompatible audio is disabled for corporate deploy.
species-audio:Большая белая цапля,species_audio,species catalog,Большая белая цапля,,backend/media/species-audio/ardea-alba.ogg,Wikimedia Commons / Jonathon Jongsma,,Wikimedia Commons / Jonathon Jongsma,CC BY-SA 3.0,,yes,verified,low,use,no,Audio may be used with required attribution/license compliance.
species-audio:Большая выпь,species_audio,species catalog,Большая выпь,,backend/media/species-audio/botaurus-stellaris.mp3,Wikimedia Commons / Joost van Bruggen,,Wikimedia Commons / Joost van Bruggen,CC BY-SA 4.0,,yes,verified,low,use,no,Audio may be used with required attribution/license compliance.
species-audio:Большая синица,species_audio,species catalog,Большая синица,,backend/media/species-audio/parus-major.ogg,Wikimedia Commons / Oona Raisanen,,Wikimedia Commons / Oona Raisanen,Public domain,,no,verified,low,use,no,Audio may be used with required attribution/license compliance.
species-audio:Большой веретенник,species_audio,species catalog,Большой веретенник,,backend/media/species-audio/limosa-limosa.ogg,Wikimedia Commons / Sudipto Roy,,Wikimedia Commons / Sudipto Roy,CC BY-SA 3.0,,yes,verified,low,use,no,Audio may be used with required attribution/license compliance.
species-audio:Волчек (малая выпь),species_audio,species catalog,Волчек (малая выпь),,backend/media/species-audio/ixobrychus-minutus.mp3,Wikimedia Commons / Jens Loose,,Wikimedia Commons / Jens Loose,CC BY-SA 4.0,,yes,verified,low,use,no,Audio may be used with required attribution/license compliance.
species-audio:Галка,species_audio,species catalog,Галка,,backend/media/species-audio/coloeus-monedula.mp3,Wikimedia Commons / Joost van Bruggen,,Wikimedia Commons / Joost van Bruggen,CC BY-SA 4.0,,yes,verified,low,use,no,Audio may be used with required attribution/license compliance.
species-audio:Горлица,species_audio,species catalog,Горлица,,backend/media/species-audio/streptopelia-turtur.mp3,Wikimedia Commons / Benoît Van Hecke,,Wikimedia Commons / Benoît Van Hecke,CC BY-SA 4.0,,yes,verified,low,use,no,Audio may be used with required attribution/license compliance.
species-audio:Грач,species_audio,species catalog,Грач,,backend/media/species-audio/corvus-frugilegus.ogg,Wikimedia Commons / Alwayswonder,,Wikimedia Commons / Alwayswonder,CC BY-SA 4.0,,yes,verified,low,use,no,Audio may be used with required attribution/license compliance.
species-audio:Длиннохвостая неясыть,species_audio,species catalog,Длиннохвостая неясыть,,backend/media/species-audio/strix-uralensis.ogg,https://xeno-canto.org/1097186,,Xeno-canto / Jens Schöller,Creative Commons Attribution-NonCommercial-ShareAlike 4.0,,no,needs_permission,high,exclude_until_permission,yes,NC/ND or otherwise incompatible audio is disabled for corporate deploy.
species-audio:Домовый воробей,species_audio,species catalog,Домовый воробей,,backend/media/species-audio/passer-domesticus.oga,Wikimedia Commons / Joseph Sardin,,Wikimedia Commons / Joseph Sardin,CC0,,no,verified,low,use,no,Audio may be used with required attribution/license compliance.
species-audio:Желна,species_audio,species catalog,Желна,,backend/media/species-audio/dryocopus-martius.ogg,https://xeno-canto.org/988771,,Xeno-canto / FRIEDRICH Richard,Creative Commons Attribution-NonCommercial-ShareAlike 4.0,,no,needs_permission,high,exclude_until_permission,yes,NC/ND or otherwise incompatible audio is disabled for corporate deploy.
species-audio:Змееяд,species_audio,species catalog,Змееяд,,backend/media/species-audio/circaetus-gallicus.mp3,Wikimedia Commons / Benoît Van Hecke,,Wikimedia Commons / Benoît Van Hecke,CC BY-SA 4.0,,yes,verified,low,use,no,Audio may be used with required attribution/license compliance.
species-audio:Клинтух,species_audio,species catalog,Клинтух,,backend/media/species-audio/columba-oenas.mp3,Wikimedia Commons / Hannu Varkki,,Wikimedia Commons / Hannu Varkki,CC BY-SA 4.0,,yes,verified,low,use,no,Audio may be used with required attribution/license compliance.
species-audio:Козодой,species_audio,species catalog,Козодой,,backend/media/species-audio/caprimulgus-europaeus.mp3,Wikimedia Commons / Joost van Bruggen,,Wikimedia Commons / Joost van Bruggen,CC BY-SA 4.0,,yes,verified,low,use,no,Audio may be used with required attribution/license compliance.
species-audio:Косуля,species_audio,species catalog,Косуля,,backend/media/species-audio/capreolus-capreolus.ogg,https://xeno-canto.org/1100395,,Xeno-canto / Cedric Mroczko,Creative Commons Attribution-NonCommercial-ShareAlike 4.0,,no,needs_permission,high,exclude_until_permission,yes,NC/ND or otherwise incompatible audio is disabled for corporate deploy.
species-audio:Кулик-сорока,species_audio,species catalog,Кулик-сорока,,backend/media/species-audio/haematopus-ostralegus.ogg,https://xeno-canto.org/1101393,,Xeno-canto / Astrid Cervantes,Creative Commons Attribution-NonCommercial-ShareAlike 4.0,,no,needs_permission,high,exclude_until_permission,yes,NC/ND or otherwise incompatible audio is disabled for corporate deploy.
species-audio:Ласточка деревенская,species_audio,species catalog,Ласточка деревенская,,backend/media/species-audio/hirundo-rustica.ogg,Wikimedia Commons / Jonathon Jongsma,,Wikimedia Commons / Jonathon Jongsma,CC BY-SA 3.0,,yes,verified,low,use,no,Audio may be used with required attribution/license compliance.
species-audio:Лесной жаворонок,species_audio,species catalog,Лесной жаворонок,,backend/media/species-audio/lullula-arborea.ogg,https://xeno-canto.org/1100453,,Xeno-canto / Teus Luijendijk,Creative Commons Attribution-NonCommercial-NoDerivs 4.0,,no,needs_permission,high,exclude_until_permission,yes,NC/ND or otherwise incompatible audio is disabled for corporate deploy.
species-audio:Лисица обыкновенная,species_audio,species catalog,Лисица обыкновенная,,backend/media/species-audio/vulpes-vulpes.ogg,https://xeno-canto.org/1100142,,Xeno-canto / Thijs Calu,Creative Commons Attribution-NonCommercial-ShareAlike 4.0,,no,needs_permission,high,exclude_until_permission,yes,NC/ND or otherwise incompatible audio is disabled for corporate deploy.
species-audio:Малая поганка,species_audio,species catalog,Малая поганка,,backend/media/species-audio/tachybaptus-ruficollis.mp3,Wikimedia Commons / Jens Loose,,Wikimedia Commons / Jens Loose,CC BY-SA 4.0,,yes,verified,low,use,no,Audio may be used with required attribution/license compliance.
species-audio:Мохноногий сыч,species_audio,species catalog,Мохноногий сыч,,backend/media/species-audio/aegolius-funereus.ogg,https://xeno-canto.org/1097665,,Xeno-canto / Dag Österlund,Creative Commons Attribution-NonCommercial-ShareAlike 4.0,,no,needs_permission,high,exclude_until_permission,yes,NC/ND or otherwise incompatible audio is disabled for corporate deploy.
species-audio:Обыкновенная кукушка,species_audio,species catalog,Обыкновенная кукушка,,backend/media/species-audio/cuculus-canorus.mp3,Wikimedia Commons / Benoît Van Hecke,,Wikimedia Commons / Benoît Van Hecke,CC BY-SA 4.0,,yes,verified,low,use,no,Audio may be used with required attribution/license compliance.
species-audio:Обыкновенный скворец,species_audio,species catalog,Обыкновенный скворец,,backend/media/species-audio/sturnus-vulgaris.ogg,Wikimedia Commons / Kfrommolt,,Wikimedia Commons / Kfrommolt,CC BY-SA 3.0,,yes,verified,low,use,no,Audio may be used with required attribution/license compliance.
species-audio:Обыкновенный соловей,species_audio,species catalog,Обыкновенный соловей,,backend/media/species-audio/luscinia-luscinia.mp3,Wikimedia Commons / Mats Havskogen,,Wikimedia Commons / Mats Havskogen,CC BY-SA 4.0,,yes,verified,low,use,no,Audio may be used with required attribution/license compliance.
species-audio:Озёрная лягушка,species_audio,species catalog,Озёрная лягушка,,backend/media/species-audio/pelophylax-ridibundus.ogg,Wikimedia Commons / Llivermore,,Wikimedia Commons / Llivermore,CC BY-SA 4.0,,yes,verified,low,use,no,Audio may be used with required attribution/license compliance.
species-audio:Орел карлик,species_audio,species catalog,Орел карлик,,backend/media/species-audio/hieraaetus-pennatus.ogg,https://xeno-canto.org/1067347,,Xeno-canto / Albert Lastukhin,Creative Commons Attribution-NonCommercial-NoDerivs 4.0,,no,needs_permission,high,exclude_until_permission,yes,NC/ND or otherwise incompatible audio is disabled for corporate deploy.
species-audio:Осоед,species_audio,species catalog,Осоед,,backend/media/species-audio/pernis-apivorus.mp3,Wikimedia Commons / Benoît Van Hecke,,Wikimedia Commons / Benoît Van Hecke,CC BY-SA 4.0,,yes,verified,low,use,no,Audio may be used with required attribution/license compliance.
species-audio:Полевой лунь,species_audio,species catalog,Полевой лунь,,backend/media/species-audio/circus-cyaneus.mp3,Wikimedia Commons / Benoît Van Hecke,,Wikimedia Commons / Benoît Van Hecke,CC BY-SA 4.0,,yes,verified,low,use,no,Audio may be used with required attribution/license compliance.
species-audio:Рыжая цапля,species_audio,species catalog,Рыжая цапля,,backend/media/species-audio/ardea-purpurea.ogg,Wikimedia Commons / Sudipto Roy,,Wikimedia Commons / Sudipto Roy,CC BY-SA 3.0,,yes,verified,low,use,no,Audio may be used with required attribution/license compliance.
species-audio:Свиристель,species_audio,species catalog,Свиристель,,backend/media/species-audio/bombycilla-garrulus.ogg,Wikimedia Commons / Bushman,,Wikimedia Commons / Bushman,CC BY-SA 3.0,,yes,verified,low,use,no,Audio may be used with required attribution/license compliance.
species-audio:Седой дятел,species_audio,species catalog,Седой дятел,,backend/media/species-audio/picus-canus.mp3,Wikimedia Commons / Alexander Kürthy,,Wikimedia Commons / Alexander Kürthy,CC BY-SA 4.0,,yes,verified,low,use,no,Audio may be used with required attribution/license compliance.
species-audio:Серая ворона,species_audio,species catalog,Серая ворона,,backend/media/species-audio/corvus-cornix.mp3,Wikimedia Commons / Kaveh Jamali,,Wikimedia Commons / Kaveh Jamali,CC BY-SA 4.0,,yes,verified,low,use,no,Audio may be used with required attribution/license compliance.
species-audio:Серая жаба,species_audio,species catalog,Серая жаба,,backend/media/species-audio/bufo-bufo.ogg,https://xeno-canto.org/938900,,Xeno-canto / Dimitri,Creative Commons Attribution-NonCommercial-ShareAlike 4.0,,no,needs_permission,high,exclude_until_permission,yes,NC/ND or otherwise incompatible audio is disabled for corporate deploy.
species-audio:Серая неясыть,species_audio,species catalog,Серая неясыть,,backend/media/species-audio/strix-aluco.ogg,Wikimedia Commons / Guido Gerding,,Wikimedia Commons / Guido Gerding,CC BY-SA 3.0 / GFDL,,yes,verified,low,use,no,Audio may be used with required attribution/license compliance.
species-audio:Серая утка,species_audio,species catalog,Серая утка,,backend/media/species-audio/mareca-strepera.mp3,Wikimedia Commons / Joost van Bruggen,,Wikimedia Commons / Joost van Bruggen,CC BY-SA 4.0,,yes,verified,low,use,no,Audio may be used with required attribution/license compliance.
species-audio:Сизый голубь,species_audio,species catalog,Сизый голубь,,backend/media/species-audio/columba-livia.mp3,Wikimedia Commons / Marie-Lan Taÿ Pamart,,Wikimedia Commons / Marie-Lan Taÿ Pamart,CC BY-SA 4.0,,yes,verified,low,use,no,Audio may be used with required attribution/license compliance.
species-audio:Снегирь,species_audio,species catalog,Снегирь,,backend/media/species-audio/pyrrhula-pyrrhula.mp3,Wikimedia Commons / Benoît Van Hecke,,Wikimedia Commons / Benoît Van Hecke,CC BY-SA 4.0,,yes,verified,low,use,no,Audio may be used with required attribution/license compliance.
species-audio:Сокол сапсан,species_audio,species catalog,Сокол сапсан,,backend/media/species-audio/falco-peregrinus.ogg,https://xeno-canto.org/1092708,,Xeno-canto / Romuald Mikusek,Creative Commons Attribution-NonCommercial-ShareAlike 4.0,,no,needs_permission,high,exclude_until_permission,yes,NC/ND or otherwise incompatible audio is disabled for corporate deploy.
species-audio:Сорока,species_audio,species catalog,Сорока,,backend/media/species-audio/pica-pica.ogg,Wikimedia Commons / Oona Räisänen,,Wikimedia Commons / Oona Räisänen,Public domain,,no,verified,low,use,no,Audio may be used with required attribution/license compliance.
species-audio:Средний пёстрый дятел,species_audio,species catalog,Средний пёстрый дятел,,backend/media/species-audio/dendrocoptes-medius.mp3,Wikimedia Commons / Jesús Lavedán Rodríguez,,Wikimedia Commons / Jesús Lavedán Rodríguez,CC BY-SA 4.0,,yes,verified,low,use,no,Audio may be used with required attribution/license compliance.
species-audio:Стриж черный,species_audio,species catalog,Стриж черный,,backend/media/species-audio/apus-apus.mp3,Wikimedia Commons / Luis Alvarez Menendez,,Wikimedia Commons / Luis Alvarez Menendez,CC BY-SA 4.0,,yes,verified,low,use,no,Audio may be used with required attribution/license compliance.
species-audio:Травяная лягушка,species_audio,species catalog,Травяная лягушка,,backend/media/species-audio/rana-temporaria.ogg,https://xeno-canto.org/893542,,Xeno-canto / Simon Elliott,Creative Commons Attribution-NonCommercial-NoDerivs 4.0,,no,needs_permission,high,exclude_until_permission,yes,NC/ND or otherwise incompatible audio is disabled for corporate deploy.
species-audio:Трясогузка белая,species_audio,species catalog,Трясогузка белая,,backend/media/species-audio/motacilla-alba.mp3,Wikimedia Commons / Hannu Varkki,,Wikimedia Commons / Hannu Varkki,CC BY-SA 4.0,,yes,verified,low,use,no,Audio may be used with required attribution/license compliance.
species-audio:Чесночница,species_audio,species catalog,Чесночница,,backend/media/species-audio/pelobates-fuscus.mp3,https://xeno-canto.org/949827,,"Xeno-canto / Olivier SWIFT, Ludivine DELAMARE",Creative Commons Attribution-NonCommercial-ShareAlike 4.0,,no,needs_permission,high,exclude_until_permission,yes,NC/ND or otherwise incompatible audio is disabled for corporate deploy.
species-audio:Чёрный стриж,species_audio,species catalog,Чёрный стриж,,backend/media/species-audio/apus-apus.mp3,Wikimedia Commons / Luis Alvarez Menendez,,Wikimedia Commons / Luis Alvarez Menendez,CC BY-SA 4.0,,yes,verified,low,use,no,Audio may be used with required attribution/license compliance.
exhibition:photo-2,exhibition_image,photo exhibition,Серые цапли и серебристые чайки,,frontend/public/img/exhibition/birds-2025/photo-02.jpg,written author acceptance,,В. Сарычев,разрешение автора,,yes,verified,low,use,no,Written author acceptance received on 2026-06-04; displayed with author credit; normalized to local JPEG without EXIF.
exhibition:photo-3,exhibition_image,photo exhibition,Мигрирующие утки,,frontend/public/img/exhibition/birds-2025/photo-03.jpg,written author acceptance,,В. Сарычев,разрешение автора,,yes,verified,low,use,no,Written author acceptance received on 2026-06-04; displayed with author credit; normalized to local JPEG without EXIF.
exhibition:photo-5,exhibition_image,photo exhibition,Кряквы на восходе,,frontend/public/img/exhibition/birds-2025/photo-05.jpg,written author acceptance,,В. Мелихов,разрешение автора,,yes,verified,low,use,no,Written author acceptance received on 2026-06-04; displayed with author credit; normalized to local JPEG without EXIF.
exhibition:photo-7,exhibition_image,photo exhibition,Чомга,,frontend/public/img/exhibition/birds-2025/photo-07.jpg,written author acceptance,,В. Мелихов,разрешение автора,,yes,verified,low,use,no,Written author acceptance received on 2026-06-04; displayed with author credit; normalized to local JPEG without EXIF.
exhibition:photo-9,exhibition_image,photo exhibition,Лысуха,,frontend/public/img/exhibition/birds-2025/photo-09.jpg,written author acceptance,,В. Мелихов,разрешение автора,,yes,verified,low,use,no,Written author acceptance received on 2026-06-04; displayed with author credit; normalized to local JPEG without EXIF.
exhibition:photo-10,exhibition_image,photo exhibition,Обыкновенный гоголь,,frontend/public/img/exhibition/birds-2025/photo-10.jpg,written author acceptance,,А. Щербаков,разрешение автора,,yes,verified,low,use,no,Written author acceptance received on 2026-06-04; displayed with author credit; normalized to local JPEG without EXIF.
exhibition:photo-11,exhibition_image,photo exhibition,Дроздовидная камышовка,,frontend/public/img/exhibition/birds-2025/photo-11.jpg,written author acceptance,,А. Григоров,разрешение автора,,yes,verified,low,use,no,Written author acceptance received on 2026-06-04; displayed with author credit; normalized to local JPEG without EXIF.
exhibition:photo-13,exhibition_image,photo exhibition,Птенец малой крачки,,frontend/public/img/exhibition/birds-2025/photo-13.jpg,written author acceptance,,В. Мелихов,разрешение автора,,yes,verified,low,use,no,Written author acceptance received on 2026-06-04; displayed with author credit; normalized to local JPEG without EXIF.
exhibition:photo-14,exhibition_image,photo exhibition,Коростель,,frontend/public/img/exhibition/birds-2025/photo-14.jpg,written author acceptance,,В. Мелихов,разрешение автора,,yes,verified,low,use,no,Written author acceptance received on 2026-06-04; displayed with author credit; normalized to local JPEG without EXIF.
exhibition:photo-15,exhibition_image,photo exhibition,Выводок крякв,,frontend/public/img/exhibition/birds-2025/photo-15.jpg,written author acceptance,,В. Мелихов,разрешение автора,,yes,verified,low,use,no,Written author acceptance received on 2026-06-04; displayed with author credit; normalized to local JPEG without EXIF.
exhibition:photo-16,exhibition_image,photo exhibition,Ходулочник,,frontend/public/img/exhibition/birds-2025/photo-16.jpg,written author acceptance,,В. Сарычев,разрешение автора,,yes,verified,low,use,no,Written author acceptance received on 2026-06-04; displayed with author credit; normalized to local JPEG without EXIF.
exhibition:photo-17,exhibition_image,photo exhibition,Чайки-хохотуньи и речные крачки,,frontend/public/img/exhibition/birds-2025/photo-17.jpg,written author acceptance,,В. Сарычев,разрешение автора,,yes,verified,low,use,no,Written author acceptance received on 2026-06-04; displayed with author credit; normalized to local JPEG without EXIF.
exhibition:photo-20,exhibition_image,photo exhibition,Стая чаек,,frontend/public/img/exhibition/birds-2025/photo-20.jpg,written author acceptance,,В. Сарычев,разрешение автора,,yes,verified,low,use,no,Written author acceptance received on 2026-06-04; displayed with author credit; normalized to local JPEG without EXIF.
exhibition:photo-21,exhibition_image,photo exhibition,Пеганка,,frontend/public/img/exhibition/birds-2025/photo-21.jpg,written author acceptance,,А. Щербаков,разрешение автора,,yes,verified,low,use,no,Written author acceptance received on 2026-06-04; displayed with author credit; normalized to local JPEG without EXIF.
exhibition:photo-22,exhibition_image,photo exhibition,Галстучник,,frontend/public/img/exhibition/birds-2025/photo-22.jpg,written author acceptance,,А. Григоров,разрешение автора,,yes,verified,low,use,no,Written author acceptance received on 2026-06-04; displayed with author credit; normalized to local JPEG without EXIF.
exhibition:photo-23,exhibition_image,photo exhibition,Орлан-белохвост,,frontend/public/img/exhibition/birds-2025/photo-23.jpg,written author acceptance,,В. Мелихов,разрешение автора,,yes,verified,low,use,no,Written author acceptance received on 2026-06-04; displayed with author credit; normalized to local JPEG without EXIF.
exhibition:photo-24,exhibition_image,photo exhibition,Крапивник,,frontend/public/img/exhibition/birds-2025/photo-24.jpg,written author acceptance,,А. Григоров,разрешение автора,,yes,verified,low,use,no,Written author acceptance received on 2026-06-04; displayed with author credit; normalized to local JPEG without EXIF.
exhibition:photo-25,exhibition_image,photo exhibition,Самец гоголя,,frontend/public/img/exhibition/birds-2025/photo-25.jpg,written author acceptance,,В. Мелихов,разрешение автора,,yes,verified,low,use,no,Written author acceptance received on 2026-06-04; displayed with author credit; normalized to local JPEG without EXIF.
exhibition:photo-27,exhibition_image,photo exhibition,Большой крохаль,,frontend/public/img/exhibition/birds-2025/photo-27.jpg,written author acceptance,,В. Мелихов,разрешение автора,,yes,verified,low,use,no,Written author acceptance received on 2026-06-04; displayed with author credit; normalized to local JPEG without EXIF.
exhibition:photo-28,exhibition_image,photo exhibition,Большие крохали,,frontend/public/img/exhibition/birds-2025/photo-28.jpg,written author acceptance,,В. Мелихов,разрешение автора,,yes,verified,low,use,no,Written author acceptance received on 2026-06-04; displayed with author credit; normalized to local JPEG without EXIF.
exhibition:photo-29,exhibition_image,photo exhibition,Серая куропатка,,frontend/public/img/exhibition/birds-2025/photo-29.jpg,written author acceptance,,В. Мелихов,разрешение автора,,yes,verified,low,use,no,Written author acceptance received on 2026-06-04; displayed with author credit; normalized to local JPEG without EXIF.
exhibition:photo-30,exhibition_image,photo exhibition,Усатая синица,,frontend/public/img/exhibition/birds-2025/photo-30.jpg,written author acceptance,,В. Мелихов,разрешение автора,,yes,verified,low,use,no,Written author acceptance received on 2026-06-04; displayed with author credit; normalized to local JPEG without EXIF.
